-- phpMyAdmin SQL Dump
-- version 4.4.15.9
-- https://www.phpmyadmin.net
--
-- Host: localhost
-- Generation Time: Aug 27, 2019 at 01:22 PM
-- Server version: 5.6.37
-- PHP Version: 5.6.31

SET SQL_MODE = "NO_AUTO_VALUE_ON_ZERO";
SET time_zone = "+00:00";


/*!40101 SET @OLD_CHARACTER_SET_CLIENT=@@CHARACTER_SET_CLIENT */;
/*!40101 SET @OLD_CHARACTER_SET_RESULTS=@@CHARACTER_SET_RESULTS */;
/*!40101 SET @OLD_COLLATION_CONNECTION=@@COLLATION_CONNECTION */;
/*!40101 SET NAMES utf8mb4 */;

--
-- Database: `blog`
--

-- --------------------------------------------------------

--
-- Table structure for table `categories`
--

CREATE TABLE IF NOT EXISTS `categories` (
  `ID` int(11) NOT NULL,
  `Name` varchar(255) NOT NULL,
  `Description` text NOT NULL,
  `parent` int(11) NOT NULL,
  `Ordering` int(11) DEFAULT NULL,
  `Visibility` tinyint(4) NOT NULL DEFAULT '0',
  `Allow_Comment` tinyint(4) NOT NULL DEFAULT '0',
  `Allow_Ads` tinyint(4) NOT NULL DEFAULT '0'
) ENGINE=InnoDB AUTO_INCREMENT=7 DEFAULT CHARSET=utf8 ROW_FORMAT=COMPACT;

--
-- Dumping data for table `categories`
--

INSERT INTO `categories` (`ID`, `Name`, `Description`, `parent`, `Ordering`, `Visibility`, `Allow_Comment`, `Allow_Ads`) VALUES
(1, 'Cinema', 'this is description for Cinema', 0, NULL, 1, 1, 1),
(2, 'Arts', 'this is description for Cinema', 0, NULL, 1, 1, 1),
(3, 'Sciences', 'this is description for Cinema', 0, NULL, 1, 1, 1),
(4, 'Tech', 'this is description for Cinema', 0, NULL, 1, 1, 1),
(5, 'TV Series', 'this is description from php', 1, 0, 0, 0, 0),
(6, 'US Cinema', 'this is description for Cinema', 1, 0, 0, 0, 0);

-- --------------------------------------------------------

--
-- Table structure for table `comments`
--

CREATE TABLE IF NOT EXISTS `comments` (
  `c_id` int(11) NOT NULL,
  `comment` text NOT NULL,
  `status` tinyint(4) NOT NULL,
  `comment_date` date NOT NULL,
  `post-id` int(11) NOT NULL,
  `user-id` int(11) NOT NULL
) ENGINE=InnoDB AUTO_INCREMENT=35 DEFAULT CHARSET=utf8;

--
-- Dumping data for table `comments`
--

INSERT INTO `comments` (`c_id`, `comment`, `status`, `comment_date`, `post-id`, `user-id`) VALUES
(1, 'this is hot comment!', 1, '2019-08-10', 83, 2),
(2, 'madooooo', 1, '2019-08-10', 83, 2),
(3, 'dudee', 1, '2019-08-10', 82, 2),
(5, 'comment for comment', 1, '2019-08-11', 80, 2),
(6, 'hola ...', 1, '2019-08-11', 82, 2),
(7, 'mootaa', 1, '2019-08-11', 82, 2),
(8, 'dats full screen', 1, '2019-08-11', 80, 2),
(9, 'hola frol m alla ', 1, '2019-08-11', 80, 2),
(10, 'ohhhhhhhh thats nice', 1, '2019-08-11', 80, 2),
(11, 'dany man', 1, '2019-08-11', 83, 2),
(12, 'daa', 1, '2019-08-11', 83, 2),
(13, 'ffopp', 1, '2019-08-11', 83, 2),
(14, 'ffopp', 0, '2019-08-11', 83, 2),
(15, 'ffopp', 0, '2019-08-11', 83, 2),
(16, 'ffopp', 0, '2019-08-11', 83, 2),
(17, 'ffopp', 0, '2019-08-11', 83, 2),
(18, 'ffopp', 0, '2019-08-11', 83, 2),
(19, 'ffopp', 0, '2019-08-11', 83, 2),
(20, 'ffopp', 0, '2019-08-11', 83, 2),
(21, 'ffopp', 0, '2019-08-11', 83, 1),
(22, 'ffopp', 0, '2019-08-11', 83, 1),
(23, 'ffopp', 0, '2019-08-11', 83, 1),
(24, 'ffopp', 0, '2019-08-11', 83, 1),
(25, 'ffopp', 0, '2019-08-11', 83, 1),
(26, 'dang bang', 0, '2019-08-11', 83, 1),
(27, '', 0, '2019-08-11', 83, 2),
(28, '', 0, '2019-08-11', 83, 2),
(29, '', 0, '2019-08-11', 83, 2),
(30, '', 0, '2019-08-11', 83, 2),
(31, '', 0, '2019-08-11', 83, 2),
(32, '', 1, '2019-08-11', 83, 2),
(33, 'daaaaaa', 1, '2019-08-14', 72, 2),
(34, 'dad-sh hanty cant', 1, '2019-08-26', 81, 1);

-- --------------------------------------------------------

--
-- Table structure for table `posts`
--

CREATE TABLE IF NOT EXISTS `posts` (
  `Post_ID` int(11) NOT NULL,
  `Name` varchar(255) NOT NULL,
  `Description` text NOT NULL,
  `Image` varchar(255) NOT NULL,
  `Status` varchar(255) NOT NULL,
  `Add_Date` timestamp NOT NULL DEFAULT CURRENT_TIMESTAMP ON UPDATE CURRENT_TIMESTAMP,
  `Rating` float NOT NULL,
  `Approve` tinyint(4) NOT NULL DEFAULT '0',
  `Cat_ID` int(11) NOT NULL,
  `Member_ID` int(11) NOT NULL,
  `tags` varchar(255) DEFAULT NULL
) ENGINE=InnoDB AUTO_INCREMENT=87 DEFAULT CHARSET=utf8 ROW_FORMAT=COMPACT;

--
-- Dumping data for table `posts`
--

INSERT INTO `posts` (`Post_ID`, `Name`, `Description`, `Image`, `Status`, `Add_Date`, `Rating`, `Approve`, `Cat_ID`, `Member_ID`, `tags`) VALUES
(1, 'this is post one', 'Proin eget tortor risus. Nulla quis lorem ut libero malesuada feugiat. Mauris blandit aliquet elit, eget tincidunt nibh pulvinar a. Proin eget tortor risus. Lorem ipsum dolor sit amet, consectetur adipiscing elit. Proin eget tortor risus. Donec rutrum congue leo eget malesuada. Vivamus suscipit tortor eget felis porttitor volutpat. Vivamus suscipit tortor eget felis porttitor volutpat. Mauris blandit aliquet elit, eget tincidunt nibh pulvinar a. Vivamus suscipit tortor eget felis porttitor volutpat. Pellentesque in ipsum id orci porta dapibus. Proin eget tortor risus. Vivamus magna justo, lacinia eget consectetur sed, convallis at tellus. Pellentesque in ipsum id orci porta dapibus. Sed porttitor lectus nibh. Proin eget tortor risus. Nulla porttitor accumsan tincidunt. Vestibulum ante ipsum primis in faucibus orci luctus et ultrices posuere cubilia Curae; Donec velit neque, auctor sit amet aliquam vel, ullamcorper sit amet ligula. Vivamus magna justo, lacinia eget consectetur sed, convallis at tellus.', '', '1', '2019-08-11 15:42:24', 6, 1, 1, 1, NULL),
(2, 'this is post two', 'Proin eget tortor risus. Nulla quis lorem ut libero malesuada feugiat. Mauris blandit aliquet elit, eget tincidunt nibh pulvinar a. Proin eget tortor risus. Lorem ipsum dolor sit amet, consectetur adipiscing elit. Proin eget tortor risus. Donec rutrum congue leo eget malesuada. Vivamus suscipit tortor eget felis porttitor volutpat. Vivamus suscipit tortor eget felis porttitor volutpat. Mauris blandit aliquet elit, eget tincidunt nibh pulvinar a. Vivamus suscipit tortor eget felis porttitor volutpat. Pellentesque in ipsum id orci porta dapibus. Proin eget tortor risus. Vivamus magna justo, lacinia eget consectetur sed, convallis at tellus. Pellentesque in ipsum id orci porta dapibus. Sed porttitor lectus nibh. Proin eget tortor risus. Nulla porttitor accumsan tincidunt. Vestibulum ante ipsum primis in faucibus orci luctus et ultrices posuere cubilia Curae; Donec velit neque, auctor sit amet aliquam vel, ullamcorper sit amet ligula. Vivamus magna justo, lacinia eget consectetur sed, convallis at tellus.', '', '1', '2019-08-11 16:06:20', 5.5, 1, 1, 1, NULL),
(3, 'this is post three', 'Proin eget tortor risus. Nulla quis lorem ut libero malesuada feugiat. Mauris blandit aliquet elit, eget tincidunt nibh pulvinar a. Proin eget tortor risus. Lorem ipsum dolor sit amet, consectetur adipiscing elit. Proin eget tortor risus. Donec rutrum congue leo eget malesuada. Vivamus suscipit tortor eget felis porttitor volutpat. Vivamus suscipit tortor eget felis porttitor volutpat. Mauris blandit aliquet elit, eget tincidunt nibh pulvinar a. Vivamus suscipit tortor eget felis porttitor volutpat. Pellentesque in ipsum id orci porta dapibus. Proin eget tortor risus. Vivamus magna justo, lacinia eget consectetur sed, convallis at tellus. Pellentesque in ipsum id orci porta dapibus. Sed porttitor lectus nibh. Proin eget tortor risus. Nulla porttitor accumsan tincidunt. Vestibulum ante ipsum primis in faucibus orci luctus et ultrices posuere cubilia Curae; Donec velit neque, auctor sit amet aliquam vel, ullamcorper sit amet ligula. Vivamus magna justo, lacinia eget consectetur sed, convallis at tellus.', '', '1', '2019-08-11 16:06:33', 5.7, 1, 1, 1, NULL),
(4, 'this is post four', 'Proin eget tortor risus. Nulla quis lorem ut libero malesuada feugiat. Mauris blandit aliquet elit, eget tincidunt nibh pulvinar a. Proin eget tortor risus. Lorem ipsum dolor sit amet, consectetur adipiscing elit. Proin eget tortor risus. Donec rutrum congue leo eget malesuada. Vivamus suscipit tortor eget felis porttitor volutpat. Vivamus suscipit tortor eget felis porttitor volutpat. Mauris blandit aliquet elit, eget tincidunt nibh pulvinar a. Vivamus suscipit tortor eget felis porttitor volutpat. Pellentesque in ipsum id orci porta dapibus. Proin eget tortor risus. Vivamus magna justo, lacinia eget consectetur sed, convallis at tellus. Pellentesque in ipsum id orci porta dapibus. Sed porttitor lectus nibh. Proin eget tortor risus. Nulla porttitor accumsan tincidunt. Vestibulum ante ipsum primis in faucibus orci luctus et ultrices posuere cubilia Curae; Donec velit neque, auctor sit amet aliquam vel, ullamcorper sit amet ligula. Vivamus magna justo, lacinia eget consectetur sed, convallis at tellus.', '', '1', '2019-08-07 23:31:59', 5, 1, 1, 1, NULL),
(5, 'this is post five', 'Proin eget tortor risus. Nulla quis lorem ut libero malesuada feugiat. Mauris blandit aliquet elit, eget tincidunt nibh pulvinar a. Proin eget tortor risus. Lorem ipsum dolor sit amet, consectetur adipiscing elit. Proin eget tortor risus. Donec rutrum congue leo eget malesuada. Vivamus suscipit tortor eget felis porttitor volutpat. Vivamus suscipit tortor eget felis porttitor volutpat. Mauris blandit aliquet elit, eget tincidunt nibh pulvinar a. Vivamus suscipit tortor eget felis porttitor volutpat. Pellentesque in ipsum id orci porta dapibus. Proin eget tortor risus. Vivamus magna justo, lacinia eget consectetur sed, convallis at tellus. Pellentesque in ipsum id orci porta dapibus. Sed porttitor lectus nibh. Proin eget tortor risus. Nulla porttitor accumsan tincidunt. Vestibulum ante ipsum primis in faucibus orci luctus et ultrices posuere cubilia Curae; Donec velit neque, auctor sit amet aliquam vel, ullamcorper sit amet ligula. Vivamus magna justo, lacinia eget consectetur sed, convallis at tellus.', '', '1', '2019-08-07 23:31:59', 5, 1, 1, 1, NULL),
(6, 'this is post s6', 'Proin eget tortor risus. Nulla quis lorem ut libero malesuada feugiat. Mauris blandit aliquet elit, eget tincidunt nibh pulvinar a. Proin eget tortor risus. Lorem ipsum dolor sit amet, consectetur adipiscing elit. Proin eget tortor risus. Donec rutrum congue leo eget malesuada. Vivamus suscipit tortor eget felis porttitor volutpat. Vivamus suscipit tortor eget felis porttitor volutpat. Mauris blandit aliquet elit, eget tincidunt nibh pulvinar a. Vivamus suscipit tortor eget felis porttitor volutpat. Pellentesque in ipsum id orci porta dapibus. Proin eget tortor risus. Vivamus magna justo, lacinia eget consectetur sed, convallis at tellus. Pellentesque in ipsum id orci porta dapibus. Sed porttitor lectus nibh. Proin eget tortor risus. Nulla porttitor accumsan tincidunt. Vestibulum ante ipsum primis in faucibus orci luctus et ultrices posuere cubilia Curae; Donec velit neque, auctor sit amet aliquam vel, ullamcorper sit amet ligula. Vivamus magna justo, lacinia eget consectetur sed, convallis at tellus.', '', '1', '2019-08-07 23:33:23', 5, 1, 2, 1, NULL),
(7, 'this is post seven', 'Proin eget tortor risus. Nulla quis lorem ut libero malesuada feugiat. Mauris blandit aliquet elit, eget tincidunt nibh pulvinar a. Proin eget tortor risus. Lorem ipsum dolor sit amet, consectetur adipiscing elit. Proin eget tortor risus. Donec rutrum congue leo eget malesuada. Vivamus suscipit tortor eget felis porttitor volutpat. Vivamus suscipit tortor eget felis porttitor volutpat. Mauris blandit aliquet elit, eget tincidunt nibh pulvinar a. Vivamus suscipit tortor eget felis porttitor volutpat. Pellentesque in ipsum id orci porta dapibus. Proin eget tortor risus. Vivamus magna justo, lacinia eget consectetur sed, convallis at tellus. Pellentesque in ipsum id orci porta dapibus. Sed porttitor lectus nibh. Proin eget tortor risus. Nulla porttitor accumsan tincidunt. Vestibulum ante ipsum primis in faucibus orci luctus et ultrices posuere cubilia Curae; Donec velit neque, auctor sit amet aliquam vel, ullamcorper sit amet ligula. Vivamus magna justo, lacinia eget consectetur sed, convallis at tellus.', '', '1', '2019-08-07 23:33:23', 5, 1, 2, 1, NULL),
(8, 'this is post eight', 'Proin eget tortor risus. Nulla quis lorem ut libero malesuada feugiat. Mauris blandit aliquet elit, eget tincidunt nibh pulvinar a. Proin eget tortor risus. Lorem ipsum dolor sit amet, consectetur adipiscing elit. Proin eget tortor risus. Donec rutrum congue leo eget malesuada. Vivamus suscipit tortor eget felis porttitor volutpat. Vivamus suscipit tortor eget felis porttitor volutpat. Mauris blandit aliquet elit, eget tincidunt nibh pulvinar a. Vivamus suscipit tortor eget felis porttitor volutpat. Pellentesque in ipsum id orci porta dapibus. Proin eget tortor risus. Vivamus magna justo, lacinia eget consectetur sed, convallis at tellus. Pellentesque in ipsum id orci porta dapibus. Sed porttitor lectus nibh. Proin eget tortor risus. Nulla porttitor accumsan tincidunt. Vestibulum ante ipsum primis in faucibus orci luctus et ultrices posuere cubilia Curae; Donec velit neque, auctor sit amet aliquam vel, ullamcorper sit amet ligula. Vivamus magna justo, lacinia eget consectetur sed, convallis at tellus.', '', '1', '2019-08-07 23:33:23', 5, 1, 2, 1, NULL),
(9, 'this is post nine', 'Proin eget tortor risus. Nulla quis lorem ut libero malesuada feugiat. Mauris blandit aliquet elit, eget tincidunt nibh pulvinar a. Proin eget tortor risus. Lorem ipsum dolor sit amet, consectetur adipiscing elit. Proin eget tortor risus. Donec rutrum congue leo eget malesuada. Vivamus suscipit tortor eget felis porttitor volutpat. Vivamus suscipit tortor eget felis porttitor volutpat. Mauris blandit aliquet elit, eget tincidunt nibh pulvinar a. Vivamus suscipit tortor eget felis porttitor volutpat. Pellentesque in ipsum id orci porta dapibus. Proin eget tortor risus. Vivamus magna justo, lacinia eget consectetur sed, convallis at tellus. Pellentesque in ipsum id orci porta dapibus. Sed porttitor lectus nibh. Proin eget tortor risus. Nulla porttitor accumsan tincidunt. Vestibulum ante ipsum primis in faucibus orci luctus et ultrices posuere cubilia Curae; Donec velit neque, auctor sit amet aliquam vel, ullamcorper sit amet ligula. Vivamus magna justo, lacinia eget consectetur sed, convallis at tellus.', '', '1', '2019-08-07 23:33:23', 5, 1, 2, 1, NULL),
(10, 'this is post ten', 'Proin eget tortor risus. Nulla quis lorem ut libero malesuada feugiat. Mauris blandit aliquet elit, eget tincidunt nibh pulvinar a. Proin eget tortor risus. Lorem ipsum dolor sit amet, consectetur adipiscing elit. Proin eget tortor risus. Donec rutrum congue leo eget malesuada. Vivamus suscipit tortor eget felis porttitor volutpat. Vivamus suscipit tortor eget felis porttitor volutpat. Mauris blandit aliquet elit, eget tincidunt nibh pulvinar a. Vivamus suscipit tortor eget felis porttitor volutpat. Pellentesque in ipsum id orci porta dapibus. Proin eget tortor risus. Vivamus magna justo, lacinia eget consectetur sed, convallis at tellus. Pellentesque in ipsum id orci porta dapibus. Sed porttitor lectus nibh. Proin eget tortor risus. Nulla porttitor accumsan tincidunt. Vestibulum ante ipsum primis in faucibus orci luctus et ultrices posuere cubilia Curae; Donec velit neque, auctor sit amet aliquam vel, ullamcorper sit amet ligula. Vivamus magna justo, lacinia eget consectetur sed, convallis at tellus.', '', '1', '2019-08-07 23:33:24', 5, 1, 2, 1, NULL),
(11, 'this is post one.2', 'Proin eget tortor risus. Nulla quis lorem ut libero malesuada feugiat. Mauris blandit aliquet elit, eget tincidunt nibh pulvinar a. Proin eget tortor risus. Lorem ipsum dolor sit amet, consectetur adipiscing elit. Proin eget tortor risus. Donec rutrum congue leo eget malesuada. Vivamus suscipit tortor eget felis porttitor volutpat. Vivamus suscipit tortor eget felis porttitor volutpat. Mauris blandit aliquet elit, eget tincidunt nibh pulvinar a. Vivamus suscipit tortor eget felis porttitor volutpat. Pellentesque in ipsum id orci porta dapibus. Proin eget tortor risus. Vivamus magna justo, lacinia eget consectetur sed, convallis at tellus. Pellentesque in ipsum id orci porta dapibus. Sed porttitor lectus nibh. Proin eget tortor risus. Nulla porttitor accumsan tincidunt. Vestibulum ante ipsum primis in faucibus orci luctus et ultrices posuere cubilia Curae; Donec velit neque, auctor sit amet aliquam vel, ullamcorper sit amet ligula. Vivamus magna justo, lacinia eget consectetur sed, convallis at tellus.', '', '1', '2019-08-07 23:35:43', 5, 1, 1, 1, NULL),
(12, 'this is post two .2', 'Proin eget tortor risus. Nulla quis lorem ut libero malesuada feugiat. Mauris blandit aliquet elit, eget tincidunt nibh pulvinar a. Proin eget tortor risus. Lorem ipsum dolor sit amet, consectetur adipiscing elit. Proin eget tortor risus. Donec rutrum congue leo eget malesuada. Vivamus suscipit tortor eget felis porttitor volutpat. Vivamus suscipit tortor eget felis porttitor volutpat. Mauris blandit aliquet elit, eget tincidunt nibh pulvinar a. Vivamus suscipit tortor eget felis porttitor volutpat. Pellentesque in ipsum id orci porta dapibus. Proin eget tortor risus. Vivamus magna justo, lacinia eget consectetur sed, convallis at tellus. Pellentesque in ipsum id orci porta dapibus. Sed porttitor lectus nibh. Proin eget tortor risus. Nulla porttitor accumsan tincidunt. Vestibulum ante ipsum primis in faucibus orci luctus et ultrices posuere cubilia Curae; Donec velit neque, auctor sit amet aliquam vel, ullamcorper sit amet ligula. Vivamus magna justo, lacinia eget consectetur sed, convallis at tellus.', '', '1', '2019-08-07 23:35:43', 5, 1, 1, 1, NULL),
(13, 'this is post three .2', 'Proin eget tortor risus. Nulla quis lorem ut libero malesuada feugiat. Mauris blandit aliquet elit, eget tincidunt nibh pulvinar a. Proin eget tortor risus. Lorem ipsum dolor sit amet, consectetur adipiscing elit. Proin eget tortor risus. Donec rutrum congue leo eget malesuada. Vivamus suscipit tortor eget felis porttitor volutpat. Vivamus suscipit tortor eget felis porttitor volutpat. Mauris blandit aliquet elit, eget tincidunt nibh pulvinar a. Vivamus suscipit tortor eget felis porttitor volutpat. Pellentesque in ipsum id orci porta dapibus. Proin eget tortor risus. Vivamus magna justo, lacinia eget consectetur sed, convallis at tellus. Pellentesque in ipsum id orci porta dapibus. Sed porttitor lectus nibh. Proin eget tortor risus. Nulla porttitor accumsan tincidunt. Vestibulum ante ipsum primis in faucibus orci luctus et ultrices posuere cubilia Curae; Donec velit neque, auctor sit amet aliquam vel, ullamcorper sit amet ligula. Vivamus magna justo, lacinia eget consectetur sed, convallis at tellus.', '', '1', '2019-08-07 23:35:43', 5, 1, 1, 1, NULL),
(14, 'this is post four .2', 'Proin eget tortor risus. Nulla quis lorem ut libero malesuada feugiat. Mauris blandit aliquet elit, eget tincidunt nibh pulvinar a. Proin eget tortor risus. Lorem ipsum dolor sit amet, consectetur adipiscing elit. Proin eget tortor risus. Donec rutrum congue leo eget malesuada. Vivamus suscipit tortor eget felis porttitor volutpat. Vivamus suscipit tortor eget felis porttitor volutpat. Mauris blandit aliquet elit, eget tincidunt nibh pulvinar a. Vivamus suscipit tortor eget felis porttitor volutpat. Pellentesque in ipsum id orci porta dapibus. Proin eget tortor risus. Vivamus magna justo, lacinia eget consectetur sed, convallis at tellus. Pellentesque in ipsum id orci porta dapibus. Sed porttitor lectus nibh. Proin eget tortor risus. Nulla porttitor accumsan tincidunt. Vestibulum ante ipsum primis in faucibus orci luctus et ultrices posuere cubilia Curae; Donec velit neque, auctor sit amet aliquam vel, ullamcorper sit amet ligula. Vivamus magna justo, lacinia eget consectetur sed, convallis at tellus.', '', '1', '2019-08-07 23:35:43', 5, 1, 1, 1, NULL),
(15, 'this is post five .2', 'Proin eget tortor risus. Nulla quis lorem ut libero malesuada feugiat. Mauris blandit aliquet elit, eget tincidunt nibh pulvinar a. Proin eget tortor risus. Lorem ipsum dolor sit amet, consectetur adipiscing elit. Proin eget tortor risus. Donec rutrum congue leo eget malesuada. Vivamus suscipit tortor eget felis porttitor volutpat. Vivamus suscipit tortor eget felis porttitor volutpat. Mauris blandit aliquet elit, eget tincidunt nibh pulvinar a. Vivamus suscipit tortor eget felis porttitor volutpat. Pellentesque in ipsum id orci porta dapibus. Proin eget tortor risus. Vivamus magna justo, lacinia eget consectetur sed, convallis at tellus. Pellentesque in ipsum id orci porta dapibus. Sed porttitor lectus nibh. Proin eget tortor risus. Nulla porttitor accumsan tincidunt. Vestibulum ante ipsum primis in faucibus orci luctus et ultrices posuere cubilia Curae; Donec velit neque, auctor sit amet aliquam vel, ullamcorper sit amet ligula. Vivamus magna justo, lacinia eget consectetur sed, convallis at tellus.', '', '1', '2019-08-07 23:35:43', 5, 1, 1, 1, NULL),
(16, 'this is post s6.2', 'Proin eget tortor risus. Nulla quis lorem ut libero malesuada feugiat. Mauris blandit aliquet elit, eget tincidunt nibh pulvinar a. Proin eget tortor risus. Lorem ipsum dolor sit amet, consectetur adipiscing elit. Proin eget tortor risus. Donec rutrum congue leo eget malesuada. Vivamus suscipit tortor eget felis porttitor volutpat. Vivamus suscipit tortor eget felis porttitor volutpat. Mauris blandit aliquet elit, eget tincidunt nibh pulvinar a. Vivamus suscipit tortor eget felis porttitor volutpat. Pellentesque in ipsum id orci porta dapibus. Proin eget tortor risus. Vivamus magna justo, lacinia eget consectetur sed, convallis at tellus. Pellentesque in ipsum id orci porta dapibus. Sed porttitor lectus nibh. Proin eget tortor risus. Nulla porttitor accumsan tincidunt. Vestibulum ante ipsum primis in faucibus orci luctus et ultrices posuere cubilia Curae; Donec velit neque, auctor sit amet aliquam vel, ullamcorper sit amet ligula. Vivamus magna justo, lacinia eget consectetur sed, convallis at tellus.', '', '1', '2019-08-07 23:35:43', 5, 1, 2, 1, NULL),
(17, 'this is post seven .2', 'Proin eget tortor risus. Nulla quis lorem ut libero malesuada feugiat. Mauris blandit aliquet elit, eget tincidunt nibh pulvinar a. Proin eget tortor risus. Lorem ipsum dolor sit amet, consectetur adipiscing elit. Proin eget tortor risus. Donec rutrum congue leo eget malesuada. Vivamus suscipit tortor eget felis porttitor volutpat. Vivamus suscipit tortor eget felis porttitor volutpat. Mauris blandit aliquet elit, eget tincidunt nibh pulvinar a. Vivamus suscipit tortor eget felis porttitor volutpat. Pellentesque in ipsum id orci porta dapibus. Proin eget tortor risus. Vivamus magna justo, lacinia eget consectetur sed, convallis at tellus. Pellentesque in ipsum id orci porta dapibus. Sed porttitor lectus nibh. Proin eget tortor risus. Nulla porttitor accumsan tincidunt. Vestibulum ante ipsum primis in faucibus orci luctus et ultrices posuere cubilia Curae; Donec velit neque, auctor sit amet aliquam vel, ullamcorper sit amet ligula. Vivamus magna justo, lacinia eget consectetur sed, convallis at tellus.', '', '1', '2019-08-07 23:35:43', 5, 1, 2, 1, NULL),
(18, 'this is post eight .2', 'Proin eget tortor risus. Nulla quis lorem ut libero malesuada feugiat. Mauris blandit aliquet elit, eget tincidunt nibh pulvinar a. Proin eget tortor risus. Lorem ipsum dolor sit amet, consectetur adipiscing elit. Proin eget tortor risus. Donec rutrum congue leo eget malesuada. Vivamus suscipit tortor eget felis porttitor volutpat. Vivamus suscipit tortor eget felis porttitor volutpat. Mauris blandit aliquet elit, eget tincidunt nibh pulvinar a. Vivamus suscipit tortor eget felis porttitor volutpat. Pellentesque in ipsum id orci porta dapibus. Proin eget tortor risus. Vivamus magna justo, lacinia eget consectetur sed, convallis at tellus. Pellentesque in ipsum id orci porta dapibus. Sed porttitor lectus nibh. Proin eget tortor risus. Nulla porttitor accumsan tincidunt. Vestibulum ante ipsum primis in faucibus orci luctus et ultrices posuere cubilia Curae; Donec velit neque, auctor sit amet aliquam vel, ullamcorper sit amet ligula. Vivamus magna justo, lacinia eget consectetur sed, convallis at tellus.', '', '1', '2019-08-07 23:35:43', 5, 1, 2, 1, NULL),
(19, 'this is post nine .2', 'Proin eget tortor risus. Nulla quis lorem ut libero malesuada feugiat. Mauris blandit aliquet elit, eget tincidunt nibh pulvinar a. Proin eget tortor risus. Lorem ipsum dolor sit amet, consectetur adipiscing elit. Proin eget tortor risus. Donec rutrum congue leo eget malesuada. Vivamus suscipit tortor eget felis porttitor volutpat. Vivamus suscipit tortor eget felis porttitor volutpat. Mauris blandit aliquet elit, eget tincidunt nibh pulvinar a. Vivamus suscipit tortor eget felis porttitor volutpat. Pellentesque in ipsum id orci porta dapibus. Proin eget tortor risus. Vivamus magna justo, lacinia eget consectetur sed, convallis at tellus. Pellentesque in ipsum id orci porta dapibus. Sed porttitor lectus nibh. Proin eget tortor risus. Nulla porttitor accumsan tincidunt. Vestibulum ante ipsum primis in faucibus orci luctus et ultrices posuere cubilia Curae; Donec velit neque, auctor sit amet aliquam vel, ullamcorper sit amet ligula. Vivamus magna justo, lacinia eget consectetur sed, convallis at tellus.', '', '1', '2019-08-07 23:35:43', 5, 1, 2, 1, NULL),
(20, 'this is post ten .2', 'Proin eget tortor risus. Nulla quis lorem ut libero malesuada feugiat. Mauris blandit aliquet elit, eget tincidunt nibh pulvinar a. Proin eget tortor risus. Lorem ipsum dolor sit amet, consectetur adipiscing elit. Proin eget tortor risus. Donec rutrum congue leo eget malesuada. Vivamus suscipit tortor eget felis porttitor volutpat. Vivamus suscipit tortor eget felis porttitor volutpat. Mauris blandit aliquet elit, eget tincidunt nibh pulvinar a. Vivamus suscipit tortor eget felis porttitor volutpat. Pellentesque in ipsum id orci porta dapibus. Proin eget tortor risus. Vivamus magna justo, lacinia eget consectetur sed, convallis at tellus. Pellentesque in ipsum id orci porta dapibus. Sed porttitor lectus nibh. Proin eget tortor risus. Nulla porttitor accumsan tincidunt. Vestibulum ante ipsum primis in faucibus orci luctus et ultrices posuere cubilia Curae; Donec velit neque, auctor sit amet aliquam vel, ullamcorper sit amet ligula. Vivamus magna justo, lacinia eget consectetur sed, convallis at tellus.', '', '1', '2019-08-07 23:35:43', 5, 1, 2, 1, NULL),
(21, 'this is Hog 1', 'Proin eget tortor risus. Nulla quis lorem ut libero malesuada feugiat. Mauris blandit aliquet elit, eget tincidunt nibh pulvinar a. Proin eget tortor risus. Lorem ipsum dolor sit amet, consectetur adipiscing elit. Proin eget tortor risus. Donec rutrum congue leo eget malesuada. Vivamus suscipit tortor eget felis porttitor volutpat. Vivamus suscipit tortor eget felis porttitor volutpat. Mauris blandit aliquet elit, eget tincidunt nibh pulvinar a. Vivamus suscipit tortor eget felis porttitor volutpat. Pellentesque in ipsum id orci porta dapibus. Proin eget tortor risus. Vivamus magna justo, lacinia eget consectetur sed, convallis at tellus. Pellentesque in ipsum id orci porta dapibus. Sed porttitor lectus nibh. Proin eget tortor risus. Nulla porttitor accumsan tincidunt. Vestibulum ante ipsum primis in faucibus orci luctus et ultrices posuere cubilia Curae; Donec velit neque, auctor sit amet aliquam vel, ullamcorper sit amet ligula. Vivamus magna justo, lacinia eget consectetur sed, convallis at tellus.', '', '1', '2019-08-07 23:40:17', 5, 1, 3, 1, NULL),
(22, 'this is Hog 2', 'Proin eget tortor risus. Nulla quis lorem ut libero malesuada feugiat. Mauris blandit aliquet elit, eget tincidunt nibh pulvinar a. Proin eget tortor risus. Lorem ipsum dolor sit amet, consectetur adipiscing elit. Proin eget tortor risus. Donec rutrum congue leo eget malesuada. Vivamus suscipit tortor eget felis porttitor volutpat. Vivamus suscipit tortor eget felis porttitor volutpat. Mauris blandit aliquet elit, eget tincidunt nibh pulvinar a. Vivamus suscipit tortor eget felis porttitor volutpat. Pellentesque in ipsum id orci porta dapibus. Proin eget tortor risus. Vivamus magna justo, lacinia eget consectetur sed, convallis at tellus. Pellentesque in ipsum id orci porta dapibus. Sed porttitor lectus nibh. Proin eget tortor risus. Nulla porttitor accumsan tincidunt. Vestibulum ante ipsum primis in faucibus orci luctus et ultrices posuere cubilia Curae; Donec velit neque, auctor sit amet aliquam vel, ullamcorper sit amet ligula. Vivamus magna justo, lacinia eget consectetur sed, convallis at tellus.', '', '1', '2019-08-07 23:40:17', 5, 1, 3, 1, NULL),
(23, 'this is Hog 3', 'Proin eget tortor risus. Nulla quis lorem ut libero malesuada feugiat. Mauris blandit aliquet elit, eget tincidunt nibh pulvinar a. Proin eget tortor risus. Lorem ipsum dolor sit amet, consectetur adipiscing elit. Proin eget tortor risus. Donec rutrum congue leo eget malesuada. Vivamus suscipit tortor eget felis porttitor volutpat. Vivamus suscipit tortor eget felis porttitor volutpat. Mauris blandit aliquet elit, eget tincidunt nibh pulvinar a. Vivamus suscipit tortor eget felis porttitor volutpat. Pellentesque in ipsum id orci porta dapibus. Proin eget tortor risus. Vivamus magna justo, lacinia eget consectetur sed, convallis at tellus. Pellentesque in ipsum id orci porta dapibus. Sed porttitor lectus nibh. Proin eget tortor risus. Nulla porttitor accumsan tincidunt. Vestibulum ante ipsum primis in faucibus orci luctus et ultrices posuere cubilia Curae; Donec velit neque, auctor sit amet aliquam vel, ullamcorper sit amet ligula. Vivamus magna justo, lacinia eget consectetur sed, convallis at tellus.', '', '1', '2019-08-07 23:40:17', 5, 1, 3, 1, NULL),
(24, 'this is Hog 4', 'Proin eget tortor risus. Nulla quis lorem ut libero malesuada feugiat. Mauris blandit aliquet elit, eget tincidunt nibh pulvinar a. Proin eget tortor risus. Lorem ipsum dolor sit amet, consectetur adipiscing elit. Proin eget tortor risus. Donec rutrum congue leo eget malesuada. Vivamus suscipit tortor eget felis porttitor volutpat. Vivamus suscipit tortor eget felis porttitor volutpat. Mauris blandit aliquet elit, eget tincidunt nibh pulvinar a. Vivamus suscipit tortor eget felis porttitor volutpat. Pellentesque in ipsum id orci porta dapibus. Proin eget tortor risus. Vivamus magna justo, lacinia eget consectetur sed, convallis at tellus. Pellentesque in ipsum id orci porta dapibus. Sed porttitor lectus nibh. Proin eget tortor risus. Nulla porttitor accumsan tincidunt. Vestibulum ante ipsum primis in faucibus orci luctus et ultrices posuere cubilia Curae; Donec velit neque, auctor sit amet aliquam vel, ullamcorper sit amet ligula. Vivamus magna justo, lacinia eget consectetur sed, convallis at tellus.', '', '1', '2019-08-07 23:40:17', 5, 1, 3, 1, NULL),
(25, 'this is Hog 5', 'Proin eget tortor risus. Nulla quis lorem ut libero malesuada feugiat. Mauris blandit aliquet elit, eget tincidunt nibh pulvinar a. Proin eget tortor risus. Lorem ipsum dolor sit amet, consectetur adipiscing elit. Proin eget tortor risus. Donec rutrum congue leo eget malesuada. Vivamus suscipit tortor eget felis porttitor volutpat. Vivamus suscipit tortor eget felis porttitor volutpat. Mauris blandit aliquet elit, eget tincidunt nibh pulvinar a. Vivamus suscipit tortor eget felis porttitor volutpat. Pellentesque in ipsum id orci porta dapibus. Proin eget tortor risus. Vivamus magna justo, lacinia eget consectetur sed, convallis at tellus. Pellentesque in ipsum id orci porta dapibus. Sed porttitor lectus nibh. Proin eget tortor risus. Nulla porttitor accumsan tincidunt. Vestibulum ante ipsum primis in faucibus orci luctus et ultrices posuere cubilia Curae; Donec velit neque, auctor sit amet aliquam vel, ullamcorper sit amet ligula. Vivamus magna justo, lacinia eget consectetur sed, convallis at tellus.', '', '1', '2019-08-07 23:40:17', 5, 1, 3, 1, NULL),
(26, 'this is Hog 6', 'Proin eget tortor risus. Nulla quis lorem ut libero malesuada feugiat. Mauris blandit aliquet elit, eget tincidunt nibh pulvinar a. Proin eget tortor risus. Lorem ipsum dolor sit amet, consectetur adipiscing elit. Proin eget tortor risus. Donec rutrum congue leo eget malesuada. Vivamus suscipit tortor eget felis porttitor volutpat. Vivamus suscipit tortor eget felis porttitor volutpat. Mauris blandit aliquet elit, eget tincidunt nibh pulvinar a. Vivamus suscipit tortor eget felis porttitor volutpat. Pellentesque in ipsum id orci porta dapibus. Proin eget tortor risus. Vivamus magna justo, lacinia eget consectetur sed, convallis at tellus. Pellentesque in ipsum id orci porta dapibus. Sed porttitor lectus nibh. Proin eget tortor risus. Nulla porttitor accumsan tincidunt. Vestibulum ante ipsum primis in faucibus orci luctus et ultrices posuere cubilia Curae; Donec velit neque, auctor sit amet aliquam vel, ullamcorper sit amet ligula. Vivamus magna justo, lacinia eget consectetur sed, convallis at tellus.', '', '1', '2019-08-07 23:40:17', 5, 1, 3, 1, NULL),
(27, 'this is Hog 7', 'Proin eget tortor risus. Nulla quis lorem ut libero malesuada feugiat. Mauris blandit aliquet elit, eget tincidunt nibh pulvinar a. Proin eget tortor risus. Lorem ipsum dolor sit amet, consectetur adipiscing elit. Proin eget tortor risus. Donec rutrum congue leo eget malesuada. Vivamus suscipit tortor eget felis porttitor volutpat. Vivamus suscipit tortor eget felis porttitor volutpat. Mauris blandit aliquet elit, eget tincidunt nibh pulvinar a. Vivamus suscipit tortor eget felis porttitor volutpat. Pellentesque in ipsum id orci porta dapibus. Proin eget tortor risus. Vivamus magna justo, lacinia eget consectetur sed, convallis at tellus. Pellentesque in ipsum id orci porta dapibus. Sed porttitor lectus nibh. Proin eget tortor risus. Nulla porttitor accumsan tincidunt. Vestibulum ante ipsum primis in faucibus orci luctus et ultrices posuere cubilia Curae; Donec velit neque, auctor sit amet aliquam vel, ullamcorper sit amet ligula. Vivamus magna justo, lacinia eget consectetur sed, convallis at tellus.', '', '1', '2019-08-07 23:40:17', 5, 1, 3, 1, NULL),
(28, 'this is Hog 8', 'Proin eget tortor risus. Nulla quis lorem ut libero malesuada feugiat. Mauris blandit aliquet elit, eget tincidunt nibh pulvinar a. Proin eget tortor risus. Lorem ipsum dolor sit amet, consectetur adipiscing elit. Proin eget tortor risus. Donec rutrum congue leo eget malesuada. Vivamus suscipit tortor eget felis porttitor volutpat. Vivamus suscipit tortor eget felis porttitor volutpat. Mauris blandit aliquet elit, eget tincidunt nibh pulvinar a. Vivamus suscipit tortor eget felis porttitor volutpat. Pellentesque in ipsum id orci porta dapibus. Proin eget tortor risus. Vivamus magna justo, lacinia eget consectetur sed, convallis at tellus. Pellentesque in ipsum id orci porta dapibus. Sed porttitor lectus nibh. Proin eget tortor risus. Nulla porttitor accumsan tincidunt. Vestibulum ante ipsum primis in faucibus orci luctus et ultrices posuere cubilia Curae; Donec velit neque, auctor sit amet aliquam vel, ullamcorper sit amet ligula. Vivamus magna justo, lacinia eget consectetur sed, convallis at tellus.', '', '1', '2019-08-07 23:40:17', 5, 1, 3, 1, NULL),
(29, 'this is Hog 9', 'Proin eget tortor risus. Nulla quis lorem ut libero malesuada feugiat. Mauris blandit aliquet elit, eget tincidunt nibh pulvinar a. Proin eget tortor risus. Lorem ipsum dolor sit amet, consectetur adipiscing elit. Proin eget tortor risus. Donec rutrum congue leo eget malesuada. Vivamus suscipit tortor eget felis porttitor volutpat. Vivamus suscipit tortor eget felis porttitor volutpat. Mauris blandit aliquet elit, eget tincidunt nibh pulvinar a. Vivamus suscipit tortor eget felis porttitor volutpat. Pellentesque in ipsum id orci porta dapibus. Proin eget tortor risus. Vivamus magna justo, lacinia eget consectetur sed, convallis at tellus. Pellentesque in ipsum id orci porta dapibus. Sed porttitor lectus nibh. Proin eget tortor risus. Nulla porttitor accumsan tincidunt. Vestibulum ante ipsum primis in faucibus orci luctus et ultrices posuere cubilia Curae; Donec velit neque, auctor sit amet aliquam vel, ullamcorper sit amet ligula. Vivamus magna justo, lacinia eget consectetur sed, convallis at tellus.', '', '1', '2019-08-07 23:40:17', 5, 1, 3, 1, NULL),
(30, 'this is Hog 10', 'Proin eget tortor risus. Nulla quis lorem ut libero malesuada feugiat. Mauris blandit aliquet elit, eget tincidunt nibh pulvinar a. Proin eget tortor risus. Lorem ipsum dolor sit amet, consectetur adipiscing elit. Proin eget tortor risus. Donec rutrum congue leo eget malesuada. Vivamus suscipit tortor eget felis porttitor volutpat. Vivamus suscipit tortor eget felis porttitor volutpat. Mauris blandit aliquet elit, eget tincidunt nibh pulvinar a. Vivamus suscipit tortor eget felis porttitor volutpat. Pellentesque in ipsum id orci porta dapibus. Proin eget tortor risus. Vivamus magna justo, lacinia eget consectetur sed, convallis at tellus. Pellentesque in ipsum id orci porta dapibus. Sed porttitor lectus nibh. Proin eget tortor risus. Nulla porttitor accumsan tincidunt. Vestibulum ante ipsum primis in faucibus orci luctus et ultrices posuere cubilia Curae; Donec velit neque, auctor sit amet aliquam vel, ullamcorper sit amet ligula. Vivamus magna justo, lacinia eget consectetur sed, convallis at tellus.', '', '1', '2019-08-07 23:40:17', 5, 1, 3, 1, NULL),
(31, 'this is Hog 11', 'Proin eget tortor risus. Nulla quis lorem ut libero malesuada feugiat. Mauris blandit aliquet elit, eget tincidunt nibh pulvinar a. Proin eget tortor risus. Lorem ipsum dolor sit amet, consectetur adipiscing elit. Proin eget tortor risus. Donec rutrum congue leo eget malesuada. Vivamus suscipit tortor eget felis porttitor volutpat. Vivamus suscipit tortor eget felis porttitor volutpat. Mauris blandit aliquet elit, eget tincidunt nibh pulvinar a. Vivamus suscipit tortor eget felis porttitor volutpat. Pellentesque in ipsum id orci porta dapibus. Proin eget tortor risus. Vivamus magna justo, lacinia eget consectetur sed, convallis at tellus. Pellentesque in ipsum id orci porta dapibus. Sed porttitor lectus nibh. Proin eget tortor risus. Nulla porttitor accumsan tincidunt. Vestibulum ante ipsum primis in faucibus orci luctus et ultrices posuere cubilia Curae; Donec velit neque, auctor sit amet aliquam vel, ullamcorper sit amet ligula. Vivamus magna justo, lacinia eget consectetur sed, convallis at tellus.', '', '1', '2019-08-07 23:40:57', 5, 1, 3, 1, NULL),
(32, 'this is Hog 12', 'Proin eget tortor risus. Nulla quis lorem ut libero malesuada feugiat. Mauris blandit aliquet elit, eget tincidunt nibh pulvinar a. Proin eget tortor risus. Lorem ipsum dolor sit amet, consectetur adipiscing elit. Proin eget tortor risus. Donec rutrum congue leo eget malesuada. Vivamus suscipit tortor eget felis porttitor volutpat. Vivamus suscipit tortor eget felis porttitor volutpat. Mauris blandit aliquet elit, eget tincidunt nibh pulvinar a. Vivamus suscipit tortor eget felis porttitor volutpat. Pellentesque in ipsum id orci porta dapibus. Proin eget tortor risus. Vivamus magna justo, lacinia eget consectetur sed, convallis at tellus. Pellentesque in ipsum id orci porta dapibus. Sed porttitor lectus nibh. Proin eget tortor risus. Nulla porttitor accumsan tincidunt. Vestibulum ante ipsum primis in faucibus orci luctus et ultrices posuere cubilia Curae; Donec velit neque, auctor sit amet aliquam vel, ullamcorper sit amet ligula. Vivamus magna justo, lacinia eget consectetur sed, convallis at tellus.', '', '1', '2019-08-07 23:40:57', 5, 1, 3, 1, NULL),
(33, 'this is Hog 13', 'Proin eget tortor risus. Nulla quis lorem ut libero malesuada feugiat. Mauris blandit aliquet elit, eget tincidunt nibh pulvinar a. Proin eget tortor risus. Lorem ipsum dolor sit amet, consectetur adipiscing elit. Proin eget tortor risus. Donec rutrum congue leo eget malesuada. Vivamus suscipit tortor eget felis porttitor volutpat. Vivamus suscipit tortor eget felis porttitor volutpat. Mauris blandit aliquet elit, eget tincidunt nibh pulvinar a. Vivamus suscipit tortor eget felis porttitor volutpat. Pellentesque in ipsum id orci porta dapibus. Proin eget tortor risus. Vivamus magna justo, lacinia eget consectetur sed, convallis at tellus. Pellentesque in ipsum id orci porta dapibus. Sed porttitor lectus nibh. Proin eget tortor risus. Nulla porttitor accumsan tincidunt. Vestibulum ante ipsum primis in faucibus orci luctus et ultrices posuere cubilia Curae; Donec velit neque, auctor sit amet aliquam vel, ullamcorper sit amet ligula. Vivamus magna justo, lacinia eget consectetur sed, convallis at tellus.', '', '1', '2019-08-07 23:40:57', 5, 1, 3, 1, NULL),
(34, 'this is Hog 14', 'Proin eget tortor risus. Nulla quis lorem ut libero malesuada feugiat. Mauris blandit aliquet elit, eget tincidunt nibh pulvinar a. Proin eget tortor risus. Lorem ipsum dolor sit amet, consectetur adipiscing elit. Proin eget tortor risus. Donec rutrum congue leo eget malesuada. Vivamus suscipit tortor eget felis porttitor volutpat. Vivamus suscipit tortor eget felis porttitor volutpat. Mauris blandit aliquet elit, eget tincidunt nibh pulvinar a. Vivamus suscipit tortor eget felis porttitor volutpat. Pellentesque in ipsum id orci porta dapibus. Proin eget tortor risus. Vivamus magna justo, lacinia eget consectetur sed, convallis at tellus. Pellentesque in ipsum id orci porta dapibus. Sed porttitor lectus nibh. Proin eget tortor risus. Nulla porttitor accumsan tincidunt. Vestibulum ante ipsum primis in faucibus orci luctus et ultrices posuere cubilia Curae; Donec velit neque, auctor sit amet aliquam vel, ullamcorper sit amet ligula. Vivamus magna justo, lacinia eget consectetur sed, convallis at tellus.', '', '1', '2019-08-07 23:40:57', 5, 1, 3, 1, NULL),
(35, 'this is Hog 15', 'Proin eget tortor risus. Nulla quis lorem ut libero malesuada feugiat. Mauris blandit aliquet elit, eget tincidunt nibh pulvinar a. Proin eget tortor risus. Lorem ipsum dolor sit amet, consectetur adipiscing elit. Proin eget tortor risus. Donec rutrum congue leo eget malesuada. Vivamus suscipit tortor eget felis porttitor volutpat. Vivamus suscipit tortor eget felis porttitor volutpat. Mauris blandit aliquet elit, eget tincidunt nibh pulvinar a. Vivamus suscipit tortor eget felis porttitor volutpat. Pellentesque in ipsum id orci porta dapibus. Proin eget tortor risus. Vivamus magna justo, lacinia eget consectetur sed, convallis at tellus. Pellentesque in ipsum id orci porta dapibus. Sed porttitor lectus nibh. Proin eget tortor risus. Nulla porttitor accumsan tincidunt. Vestibulum ante ipsum primis in faucibus orci luctus et ultrices posuere cubilia Curae; Donec velit neque, auctor sit amet aliquam vel, ullamcorper sit amet ligula. Vivamus magna justo, lacinia eget consectetur sed, convallis at tellus.', '', '1', '2019-08-07 23:40:57', 5, 1, 3, 1, NULL),
(36, 'this is Hog 16', 'Proin eget tortor risus. Nulla quis lorem ut libero malesuada feugiat. Mauris blandit aliquet elit, eget tincidunt nibh pulvinar a. Proin eget tortor risus. Lorem ipsum dolor sit amet, consectetur adipiscing elit. Proin eget tortor risus. Donec rutrum congue leo eget malesuada. Vivamus suscipit tortor eget felis porttitor volutpat. Vivamus suscipit tortor eget felis porttitor volutpat. Mauris blandit aliquet elit, eget tincidunt nibh pulvinar a. Vivamus suscipit tortor eget felis porttitor volutpat. Pellentesque in ipsum id orci porta dapibus. Proin eget tortor risus. Vivamus magna justo, lacinia eget consectetur sed, convallis at tellus. Pellentesque in ipsum id orci porta dapibus. Sed porttitor lectus nibh. Proin eget tortor risus. Nulla porttitor accumsan tincidunt. Vestibulum ante ipsum primis in faucibus orci luctus et ultrices posuere cubilia Curae; Donec velit neque, auctor sit amet aliquam vel, ullamcorper sit amet ligula. Vivamus magna justo, lacinia eget consectetur sed, convallis at tellus.', '', '1', '2019-08-07 23:40:57', 5, 1, 3, 1, NULL),
(37, 'this is Hog 17', 'Proin eget tortor risus. Nulla quis lorem ut libero malesuada feugiat. Mauris blandit aliquet elit, eget tincidunt nibh pulvinar a. Proin eget tortor risus. Lorem ipsum dolor sit amet, consectetur adipiscing elit. Proin eget tortor risus. Donec rutrum congue leo eget malesuada. Vivamus suscipit tortor eget felis porttitor volutpat. Vivamus suscipit tortor eget felis porttitor volutpat. Mauris blandit aliquet elit, eget tincidunt nibh pulvinar a. Vivamus suscipit tortor eget felis porttitor volutpat. Pellentesque in ipsum id orci porta dapibus. Proin eget tortor risus. Vivamus magna justo, lacinia eget consectetur sed, convallis at tellus. Pellentesque in ipsum id orci porta dapibus. Sed porttitor lectus nibh. Proin eget tortor risus. Nulla porttitor accumsan tincidunt. Vestibulum ante ipsum primis in faucibus orci luctus et ultrices posuere cubilia Curae; Donec velit neque, auctor sit amet aliquam vel, ullamcorper sit amet ligula. Vivamus magna justo, lacinia eget consectetur sed, convallis at tellus.', '', '1', '2019-08-07 23:40:57', 5, 1, 3, 1, NULL),
(38, 'this is Hog 18', 'Proin eget tortor risus. Nulla quis lorem ut libero malesuada feugiat. Mauris blandit aliquet elit, eget tincidunt nibh pulvinar a. Proin eget tortor risus. Lorem ipsum dolor sit amet, consectetur adipiscing elit. Proin eget tortor risus. Donec rutrum congue leo eget malesuada. Vivamus suscipit tortor eget felis porttitor volutpat. Vivamus suscipit tortor eget felis porttitor volutpat. Mauris blandit aliquet elit, eget tincidunt nibh pulvinar a. Vivamus suscipit tortor eget felis porttitor volutpat. Pellentesque in ipsum id orci porta dapibus. Proin eget tortor risus. Vivamus magna justo, lacinia eget consectetur sed, convallis at tellus. Pellentesque in ipsum id orci porta dapibus. Sed porttitor lectus nibh. Proin eget tortor risus. Nulla porttitor accumsan tincidunt. Vestibulum ante ipsum primis in faucibus orci luctus et ultrices posuere cubilia Curae; Donec velit neque, auctor sit amet aliquam vel, ullamcorper sit amet ligula. Vivamus magna justo, lacinia eget consectetur sed, convallis at tellus.', '', '1', '2019-08-23 00:12:18', 9, 1, 3, 1, NULL),
(39, 'this is Hog 19', 'Proin eget tortor risus. Nulla quis lorem ut libero malesuada feugiat. Mauris blandit aliquet elit, eget tincidunt nibh pulvinar a. Proin eget tortor risus. Lorem ipsum dolor sit amet, consectetur adipiscing elit. Proin eget tortor risus. Donec rutrum congue leo eget malesuada. Vivamus suscipit tortor eget felis porttitor volutpat. Vivamus suscipit tortor eget felis porttitor volutpat. Mauris blandit aliquet elit, eget tincidunt nibh pulvinar a. Vivamus suscipit tortor eget felis porttitor volutpat. Pellentesque in ipsum id orci porta dapibus. Proin eget tortor risus. Vivamus magna justo, lacinia eget consectetur sed, convallis at tellus. Pellentesque in ipsum id orci porta dapibus. Sed porttitor lectus nibh. Proin eget tortor risus. Nulla porttitor accumsan tincidunt. Vestibulum ante ipsum primis in faucibus orci luctus et ultrices posuere cubilia Curae; Donec velit neque, auctor sit amet aliquam vel, ullamcorper sit amet ligula. Vivamus magna justo, lacinia eget consectetur sed, convallis at tellus.', '', '1', '2019-08-07 23:40:57', 5, 1, 3, 1, NULL),
(40, 'this is Hog 20', 'Proin eget tortor risus. Nulla quis lorem ut libero malesuada feugiat. Mauris blandit aliquet elit, eget tincidunt nibh pulvinar a. Proin eget tortor risus. Lorem ipsum dolor sit amet, consectetur adipiscing elit. Proin eget tortor risus. Donec rutrum congue leo eget malesuada. Vivamus suscipit tortor eget felis porttitor volutpat. Vivamus suscipit tortor eget felis porttitor volutpat. Mauris blandit aliquet elit, eget tincidunt nibh pulvinar a. Vivamus suscipit tortor eget felis porttitor volutpat. Pellentesque in ipsum id orci porta dapibus. Proin eget tortor risus. Vivamus magna justo, lacinia eget consectetur sed, convallis at tellus. Pellentesque in ipsum id orci porta dapibus. Sed porttitor lectus nibh. Proin eget tortor risus. Nulla porttitor accumsan tincidunt. Vestibulum ante ipsum primis in faucibus orci luctus et ultrices posuere cubilia Curae; Donec velit neque, auctor sit amet aliquam vel, ullamcorper sit amet ligula. Vivamus magna justo, lacinia eget consectetur sed, convallis at tellus.', '', '1', '2019-08-07 23:40:57', 5, 1, 3, 1, NULL),
(41, 'this is NightKing 1', 'Proin eget tortor risus. Nulla quis lorem ut libero malesuada feugiat. Mauris blandit aliquet elit, eget tincidunt nibh pulvinar a. Proin eget tortor risus. Lorem ipsum dolor sit amet, consectetur adipiscing elit. Proin eget tortor risus. Donec rutrum congue leo eget malesuada. Vivamus suscipit tortor eget felis porttitor volutpat. Vivamus suscipit tortor eget felis porttitor volutpat. Mauris blandit aliquet elit, eget tincidunt nibh pulvinar a. Vivamus suscipit tortor eget felis porttitor volutpat. Pellentesque in ipsum id orci porta dapibus. Proin eget tortor risus. Vivamus magna justo, lacinia eget consectetur sed, convallis at tellus. Pellentesque in ipsum id orci porta dapibus. Sed porttitor lectus nibh. Proin eget tortor risus. Nulla porttitor accumsan tincidunt. Vestibulum ante ipsum primis in faucibus orci luctus et ultrices posuere cubilia Curae; Donec velit neque, auctor sit amet aliquam vel, ullamcorper sit amet ligula. Vivamus magna justo, lacinia eget consectetur sed, convallis at tellus.', '', '1', '2019-08-07 23:45:16', 5, 1, 4, 1, NULL),
(42, 'this is NightKing 2', 'Proin eget tortor risus. Nulla quis lorem ut libero malesuada feugiat. Mauris blandit aliquet elit, eget tincidunt nibh pulvinar a. Proin eget tortor risus. Lorem ipsum dolor sit amet, consectetur adipiscing elit. Proin eget tortor risus. Donec rutrum congue leo eget malesuada. Vivamus suscipit tortor eget felis porttitor volutpat. Vivamus suscipit tortor eget felis porttitor volutpat. Mauris blandit aliquet elit, eget tincidunt nibh pulvinar a. Vivamus suscipit tortor eget felis porttitor volutpat. Pellentesque in ipsum id orci porta dapibus. Proin eget tortor risus. Vivamus magna justo, lacinia eget consectetur sed, convallis at tellus. Pellentesque in ipsum id orci porta dapibus. Sed porttitor lectus nibh. Proin eget tortor risus. Nulla porttitor accumsan tincidunt. Vestibulum ante ipsum primis in faucibus orci luctus et ultrices posuere cubilia Curae; Donec velit neque, auctor sit amet aliquam vel, ullamcorper sit amet ligula. Vivamus magna justo, lacinia eget consectetur sed, convallis at tellus.', '', '1', '2019-08-07 23:45:16', 5, 1, 4, 1, NULL),
(43, 'this is NightKing 3', 'Proin eget tortor risus. Nulla quis lorem ut libero malesuada feugiat. Mauris blandit aliquet elit, eget tincidunt nibh pulvinar a. Proin eget tortor risus. Lorem ipsum dolor sit amet, consectetur adipiscing elit. Proin eget tortor risus. Donec rutrum congue leo eget malesuada. Vivamus suscipit tortor eget felis porttitor volutpat. Vivamus suscipit tortor eget felis porttitor volutpat. Mauris blandit aliquet elit, eget tincidunt nibh pulvinar a. Vivamus suscipit tortor eget felis porttitor volutpat. Pellentesque in ipsum id orci porta dapibus. Proin eget tortor risus. Vivamus magna justo, lacinia eget consectetur sed, convallis at tellus. Pellentesque in ipsum id orci porta dapibus. Sed porttitor lectus nibh. Proin eget tortor risus. Nulla porttitor accumsan tincidunt. Vestibulum ante ipsum primis in faucibus orci luctus et ultrices posuere cubilia Curae; Donec velit neque, auctor sit amet aliquam vel, ullamcorper sit amet ligula. Vivamus magna justo, lacinia eget consectetur sed, convallis at tellus.', '', '1', '2019-08-07 23:45:16', 5, 1, 4, 1, NULL),
(44, 'this is NightKing 4', 'Proin eget tortor risus. Nulla quis lorem ut libero malesuada feugiat. Mauris blandit aliquet elit, eget tincidunt nibh pulvinar a. Proin eget tortor risus. Lorem ipsum dolor sit amet, consectetur adipiscing elit. Proin eget tortor risus. Donec rutrum congue leo eget malesuada. Vivamus suscipit tortor eget felis porttitor volutpat. Vivamus suscipit tortor eget felis porttitor volutpat. Mauris blandit aliquet elit, eget tincidunt nibh pulvinar a. Vivamus suscipit tortor eget felis porttitor volutpat. Pellentesque in ipsum id orci porta dapibus. Proin eget tortor risus. Vivamus magna justo, lacinia eget consectetur sed, convallis at tellus. Pellentesque in ipsum id orci porta dapibus. Sed porttitor lectus nibh. Proin eget tortor risus. Nulla porttitor accumsan tincidunt. Vestibulum ante ipsum primis in faucibus orci luctus et ultrices posuere cubilia Curae; Donec velit neque, auctor sit amet aliquam vel, ullamcorper sit amet ligula. Vivamus magna justo, lacinia eget consectetur sed, convallis at tellus.', '', '1', '2019-08-07 23:45:16', 5, 1, 4, 1, NULL),
(45, 'this is NightKing 5', 'Proin eget tortor risus. Nulla quis lorem ut libero malesuada feugiat. Mauris blandit aliquet elit, eget tincidunt nibh pulvinar a. Proin eget tortor risus. Lorem ipsum dolor sit amet, consectetur adipiscing elit. Proin eget tortor risus. Donec rutrum congue leo eget malesuada. Vivamus suscipit tortor eget felis porttitor volutpat. Vivamus suscipit tortor eget felis porttitor volutpat. Mauris blandit aliquet elit, eget tincidunt nibh pulvinar a. Vivamus suscipit tortor eget felis porttitor volutpat. Pellentesque in ipsum id orci porta dapibus. Proin eget tortor risus. Vivamus magna justo, lacinia eget consectetur sed, convallis at tellus. Pellentesque in ipsum id orci porta dapibus. Sed porttitor lectus nibh. Proin eget tortor risus. Nulla porttitor accumsan tincidunt. Vestibulum ante ipsum primis in faucibus orci luctus et ultrices posuere cubilia Curae; Donec velit neque, auctor sit amet aliquam vel, ullamcorper sit amet ligula. Vivamus magna justo, lacinia eget consectetur sed, convallis at tellus.', '', '1', '2019-08-07 23:45:16', 5, 1, 4, 1, NULL);
INSERT INTO `posts` (`Post_ID`, `Name`, `Description`, `Image`, `Status`, `Add_Date`, `Rating`, `Approve`, `Cat_ID`, `Member_ID`, `tags`) VALUES
(46, 'this is NightKing 6', 'Proin eget tortor risus. Nulla quis lorem ut libero malesuada feugiat. Mauris blandit aliquet elit, eget tincidunt nibh pulvinar a. Proin eget tortor risus. Lorem ipsum dolor sit amet, consectetur adipiscing elit. Proin eget tortor risus. Donec rutrum congue leo eget malesuada. Vivamus suscipit tortor eget felis porttitor volutpat. Vivamus suscipit tortor eget felis porttitor volutpat. Mauris blandit aliquet elit, eget tincidunt nibh pulvinar a. Vivamus suscipit tortor eget felis porttitor volutpat. Pellentesque in ipsum id orci porta dapibus. Proin eget tortor risus. Vivamus magna justo, lacinia eget consectetur sed, convallis at tellus. Pellentesque in ipsum id orci porta dapibus. Sed porttitor lectus nibh. Proin eget tortor risus. Nulla porttitor accumsan tincidunt. Vestibulum ante ipsum primis in faucibus orci luctus et ultrices posuere cubilia Curae; Donec velit neque, auctor sit amet aliquam vel, ullamcorper sit amet ligula. Vivamus magna justo, lacinia eget consectetur sed, convallis at tellus.', '', '1', '2019-08-07 23:45:16', 5, 1, 4, 1, NULL),
(47, 'this is NightKing 7', 'Proin eget tortor risus. Nulla quis lorem ut libero malesuada feugiat. Mauris blandit aliquet elit, eget tincidunt nibh pulvinar a. Proin eget tortor risus. Lorem ipsum dolor sit amet, consectetur adipiscing elit. Proin eget tortor risus. Donec rutrum congue leo eget malesuada. Vivamus suscipit tortor eget felis porttitor volutpat. Vivamus suscipit tortor eget felis porttitor volutpat. Mauris blandit aliquet elit, eget tincidunt nibh pulvinar a. Vivamus suscipit tortor eget felis porttitor volutpat. Pellentesque in ipsum id orci porta dapibus. Proin eget tortor risus. Vivamus magna justo, lacinia eget consectetur sed, convallis at tellus. Pellentesque in ipsum id orci porta dapibus. Sed porttitor lectus nibh. Proin eget tortor risus. Nulla porttitor accumsan tincidunt. Vestibulum ante ipsum primis in faucibus orci luctus et ultrices posuere cubilia Curae; Donec velit neque, auctor sit amet aliquam vel, ullamcorper sit amet ligula. Vivamus magna justo, lacinia eget consectetur sed, convallis at tellus.', '', '1', '2019-08-07 23:45:16', 5, 1, 4, 1, NULL),
(48, 'this is NightKing 8', 'Proin eget tortor risus. Nulla quis lorem ut libero malesuada feugiat. Mauris blandit aliquet elit, eget tincidunt nibh pulvinar a. Proin eget tortor risus. Lorem ipsum dolor sit amet, consectetur adipiscing elit. Proin eget tortor risus. Donec rutrum congue leo eget malesuada. Vivamus suscipit tortor eget felis porttitor volutpat. Vivamus suscipit tortor eget felis porttitor volutpat. Mauris blandit aliquet elit, eget tincidunt nibh pulvinar a. Vivamus suscipit tortor eget felis porttitor volutpat. Pellentesque in ipsum id orci porta dapibus. Proin eget tortor risus. Vivamus magna justo, lacinia eget consectetur sed, convallis at tellus. Pellentesque in ipsum id orci porta dapibus. Sed porttitor lectus nibh. Proin eget tortor risus. Nulla porttitor accumsan tincidunt. Vestibulum ante ipsum primis in faucibus orci luctus et ultrices posuere cubilia Curae; Donec velit neque, auctor sit amet aliquam vel, ullamcorper sit amet ligula. Vivamus magna justo, lacinia eget consectetur sed, convallis at tellus.', '', '1', '2019-08-07 23:45:16', 5, 1, 4, 1, NULL),
(49, 'this is NightKing 9', 'Proin eget tortor risus. Nulla quis lorem ut libero malesuada feugiat. Mauris blandit aliquet elit, eget tincidunt nibh pulvinar a. Proin eget tortor risus. Lorem ipsum dolor sit amet, consectetur adipiscing elit. Proin eget tortor risus. Donec rutrum congue leo eget malesuada. Vivamus suscipit tortor eget felis porttitor volutpat. Vivamus suscipit tortor eget felis porttitor volutpat. Mauris blandit aliquet elit, eget tincidunt nibh pulvinar a. Vivamus suscipit tortor eget felis porttitor volutpat. Pellentesque in ipsum id orci porta dapibus. Proin eget tortor risus. Vivamus magna justo, lacinia eget consectetur sed, convallis at tellus. Pellentesque in ipsum id orci porta dapibus. Sed porttitor lectus nibh. Proin eget tortor risus. Nulla porttitor accumsan tincidunt. Vestibulum ante ipsum primis in faucibus orci luctus et ultrices posuere cubilia Curae; Donec velit neque, auctor sit amet aliquam vel, ullamcorper sit amet ligula. Vivamus magna justo, lacinia eget consectetur sed, convallis at tellus.', '', '1', '2019-08-07 23:45:16', 5, 1, 4, 1, NULL),
(50, 'this is NightKing 10', 'Proin eget tortor risus. Nulla quis lorem ut libero malesuada feugiat. Mauris blandit aliquet elit, eget tincidunt nibh pulvinar a. Proin eget tortor risus. Lorem ipsum dolor sit amet, consectetur adipiscing elit. Proin eget tortor risus. Donec rutrum congue leo eget malesuada. Vivamus suscipit tortor eget felis porttitor volutpat. Vivamus suscipit tortor eget felis porttitor volutpat. Mauris blandit aliquet elit, eget tincidunt nibh pulvinar a. Vivamus suscipit tortor eget felis porttitor volutpat. Pellentesque in ipsum id orci porta dapibus. Proin eget tortor risus. Vivamus magna justo, lacinia eget consectetur sed, convallis at tellus. Pellentesque in ipsum id orci porta dapibus. Sed porttitor lectus nibh. Proin eget tortor risus. Nulla porttitor accumsan tincidunt. Vestibulum ante ipsum primis in faucibus orci luctus et ultrices posuere cubilia Curae; Donec velit neque, auctor sit amet aliquam vel, ullamcorper sit amet ligula. Vivamus magna justo, lacinia eget consectetur sed, convallis at tellus.', '', '1', '2019-08-07 23:45:16', 5, 1, 4, 1, NULL),
(51, 'this is NightKing 11', 'Proin eget tortor risus. Nulla quis lorem ut libero malesuada feugiat. Mauris blandit aliquet elit, eget tincidunt nibh pulvinar a. Proin eget tortor risus. Lorem ipsum dolor sit amet, consectetur adipiscing elit. Proin eget tortor risus. Donec rutrum congue leo eget malesuada. Vivamus suscipit tortor eget felis porttitor volutpat. Vivamus suscipit tortor eget felis porttitor volutpat. Mauris blandit aliquet elit, eget tincidunt nibh pulvinar a. Vivamus suscipit tortor eget felis porttitor volutpat. Pellentesque in ipsum id orci porta dapibus. Proin eget tortor risus. Vivamus magna justo, lacinia eget consectetur sed, convallis at tellus. Pellentesque in ipsum id orci porta dapibus. Sed porttitor lectus nibh. Proin eget tortor risus. Nulla porttitor accumsan tincidunt. Vestibulum ante ipsum primis in faucibus orci luctus et ultrices posuere cubilia Curae; Donec velit neque, auctor sit amet aliquam vel, ullamcorper sit amet ligula. Vivamus magna justo, lacinia eget consectetur sed, convallis at tellus.', '', '1', '2019-08-07 23:45:16', 5, 1, 4, 1, NULL),
(52, 'this is NightKing 12', 'Proin eget tortor risus. Nulla quis lorem ut libero malesuada feugiat. Mauris blandit aliquet elit, eget tincidunt nibh pulvinar a. Proin eget tortor risus. Lorem ipsum dolor sit amet, consectetur adipiscing elit. Proin eget tortor risus. Donec rutrum congue leo eget malesuada. Vivamus suscipit tortor eget felis porttitor volutpat. Vivamus suscipit tortor eget felis porttitor volutpat. Mauris blandit aliquet elit, eget tincidunt nibh pulvinar a. Vivamus suscipit tortor eget felis porttitor volutpat. Pellentesque in ipsum id orci porta dapibus. Proin eget tortor risus. Vivamus magna justo, lacinia eget consectetur sed, convallis at tellus. Pellentesque in ipsum id orci porta dapibus. Sed porttitor lectus nibh. Proin eget tortor risus. Nulla porttitor accumsan tincidunt. Vestibulum ante ipsum primis in faucibus orci luctus et ultrices posuere cubilia Curae; Donec velit neque, auctor sit amet aliquam vel, ullamcorper sit amet ligula. Vivamus magna justo, lacinia eget consectetur sed, convallis at tellus.', '', '1', '2019-08-07 23:45:16', 5, 1, 4, 1, NULL),
(53, 'this is NightKing 13', 'Proin eget tortor risus. Nulla quis lorem ut libero malesuada feugiat. Mauris blandit aliquet elit, eget tincidunt nibh pulvinar a. Proin eget tortor risus. Lorem ipsum dolor sit amet, consectetur adipiscing elit. Proin eget tortor risus. Donec rutrum congue leo eget malesuada. Vivamus suscipit tortor eget felis porttitor volutpat. Vivamus suscipit tortor eget felis porttitor volutpat. Mauris blandit aliquet elit, eget tincidunt nibh pulvinar a. Vivamus suscipit tortor eget felis porttitor volutpat. Pellentesque in ipsum id orci porta dapibus. Proin eget tortor risus. Vivamus magna justo, lacinia eget consectetur sed, convallis at tellus. Pellentesque in ipsum id orci porta dapibus. Sed porttitor lectus nibh. Proin eget tortor risus. Nulla porttitor accumsan tincidunt. Vestibulum ante ipsum primis in faucibus orci luctus et ultrices posuere cubilia Curae; Donec velit neque, auctor sit amet aliquam vel, ullamcorper sit amet ligula. Vivamus magna justo, lacinia eget consectetur sed, convallis at tellus.', '', '1', '2019-08-07 23:45:17', 5, 1, 4, 1, NULL),
(54, 'this is NightKing 14', 'Proin eget tortor risus. Nulla quis lorem ut libero malesuada feugiat. Mauris blandit aliquet elit, eget tincidunt nibh pulvinar a. Proin eget tortor risus. Lorem ipsum dolor sit amet, consectetur adipiscing elit. Proin eget tortor risus. Donec rutrum congue leo eget malesuada. Vivamus suscipit tortor eget felis porttitor volutpat. Vivamus suscipit tortor eget felis porttitor volutpat. Mauris blandit aliquet elit, eget tincidunt nibh pulvinar a. Vivamus suscipit tortor eget felis porttitor volutpat. Pellentesque in ipsum id orci porta dapibus. Proin eget tortor risus. Vivamus magna justo, lacinia eget consectetur sed, convallis at tellus. Pellentesque in ipsum id orci porta dapibus. Sed porttitor lectus nibh. Proin eget tortor risus. Nulla porttitor accumsan tincidunt. Vestibulum ante ipsum primis in faucibus orci luctus et ultrices posuere cubilia Curae; Donec velit neque, auctor sit amet aliquam vel, ullamcorper sit amet ligula. Vivamus magna justo, lacinia eget consectetur sed, convallis at tellus.', '', '1', '2019-08-07 23:45:17', 5, 1, 4, 1, NULL),
(55, 'this is NightKing 15', 'Proin eget tortor risus. Nulla quis lorem ut libero malesuada feugiat. Mauris blandit aliquet elit, eget tincidunt nibh pulvinar a. Proin eget tortor risus. Lorem ipsum dolor sit amet, consectetur adipiscing elit. Proin eget tortor risus. Donec rutrum congue leo eget malesuada. Vivamus suscipit tortor eget felis porttitor volutpat. Vivamus suscipit tortor eget felis porttitor volutpat. Mauris blandit aliquet elit, eget tincidunt nibh pulvinar a. Vivamus suscipit tortor eget felis porttitor volutpat. Pellentesque in ipsum id orci porta dapibus. Proin eget tortor risus. Vivamus magna justo, lacinia eget consectetur sed, convallis at tellus. Pellentesque in ipsum id orci porta dapibus. Sed porttitor lectus nibh. Proin eget tortor risus. Nulla porttitor accumsan tincidunt. Vestibulum ante ipsum primis in faucibus orci luctus et ultrices posuere cubilia Curae; Donec velit neque, auctor sit amet aliquam vel, ullamcorper sit amet ligula. Vivamus magna justo, lacinia eget consectetur sed, convallis at tellus.', '', '1', '2019-08-07 23:45:17', 5, 1, 3, 1, NULL),
(56, 'this is NightKing 16', 'Proin eget tortor risus. Nulla quis lorem ut libero malesuada feugiat. Mauris blandit aliquet elit, eget tincidunt nibh pulvinar a. Proin eget tortor risus. Lorem ipsum dolor sit amet, consectetur adipiscing elit. Proin eget tortor risus. Donec rutrum congue leo eget malesuada. Vivamus suscipit tortor eget felis porttitor volutpat. Vivamus suscipit tortor eget felis porttitor volutpat. Mauris blandit aliquet elit, eget tincidunt nibh pulvinar a. Vivamus suscipit tortor eget felis porttitor volutpat. Pellentesque in ipsum id orci porta dapibus. Proin eget tortor risus. Vivamus magna justo, lacinia eget consectetur sed, convallis at tellus. Pellentesque in ipsum id orci porta dapibus. Sed porttitor lectus nibh. Proin eget tortor risus. Nulla porttitor accumsan tincidunt. Vestibulum ante ipsum primis in faucibus orci luctus et ultrices posuere cubilia Curae; Donec velit neque, auctor sit amet aliquam vel, ullamcorper sit amet ligula. Vivamus magna justo, lacinia eget consectetur sed, convallis at tellus.', '', '1', '2019-08-07 23:45:17', 5, 1, 4, 1, NULL),
(57, 'this is NightKing 17', 'Proin eget tortor risus. Nulla quis lorem ut libero malesuada feugiat. Mauris blandit aliquet elit, eget tincidunt nibh pulvinar a. Proin eget tortor risus. Lorem ipsum dolor sit amet, consectetur adipiscing elit. Proin eget tortor risus. Donec rutrum congue leo eget malesuada. Vivamus suscipit tortor eget felis porttitor volutpat. Vivamus suscipit tortor eget felis porttitor volutpat. Mauris blandit aliquet elit, eget tincidunt nibh pulvinar a. Vivamus suscipit tortor eget felis porttitor volutpat. Pellentesque in ipsum id orci porta dapibus. Proin eget tortor risus. Vivamus magna justo, lacinia eget consectetur sed, convallis at tellus. Pellentesque in ipsum id orci porta dapibus. Sed porttitor lectus nibh. Proin eget tortor risus. Nulla porttitor accumsan tincidunt. Vestibulum ante ipsum primis in faucibus orci luctus et ultrices posuere cubilia Curae; Donec velit neque, auctor sit amet aliquam vel, ullamcorper sit amet ligula. Vivamus magna justo, lacinia eget consectetur sed, convallis at tellus.', '', '1', '2019-08-07 23:45:17', 5, 1, 4, 1, NULL),
(58, 'this is NightKing 18', 'Proin eget tortor risus. Nulla quis lorem ut libero malesuada feugiat. Mauris blandit aliquet elit, eget tincidunt nibh pulvinar a. Proin eget tortor risus. Lorem ipsum dolor sit amet, consectetur adipiscing elit. Proin eget tortor risus. Donec rutrum congue leo eget malesuada. Vivamus suscipit tortor eget felis porttitor volutpat. Vivamus suscipit tortor eget felis porttitor volutpat. Mauris blandit aliquet elit, eget tincidunt nibh pulvinar a. Vivamus suscipit tortor eget felis porttitor volutpat. Pellentesque in ipsum id orci porta dapibus. Proin eget tortor risus. Vivamus magna justo, lacinia eget consectetur sed, convallis at tellus. Pellentesque in ipsum id orci porta dapibus. Sed porttitor lectus nibh. Proin eget tortor risus. Nulla porttitor accumsan tincidunt. Vestibulum ante ipsum primis in faucibus orci luctus et ultrices posuere cubilia Curae; Donec velit neque, auctor sit amet aliquam vel, ullamcorper sit amet ligula. Vivamus magna justo, lacinia eget consectetur sed, convallis at tellus.', '', '1', '2019-08-07 23:45:17', 5, 1, 4, 1, NULL),
(59, 'this is NightKing 19', 'Proin eget tortor risus. Nulla quis lorem ut libero malesuada feugiat. Mauris blandit aliquet elit, eget tincidunt nibh pulvinar a. Proin eget tortor risus. Lorem ipsum dolor sit amet, consectetur adipiscing elit. Proin eget tortor risus. Donec rutrum congue leo eget malesuada. Vivamus suscipit tortor eget felis porttitor volutpat. Vivamus suscipit tortor eget felis porttitor volutpat. Mauris blandit aliquet elit, eget tincidunt nibh pulvinar a. Vivamus suscipit tortor eget felis porttitor volutpat. Pellentesque in ipsum id orci porta dapibus. Proin eget tortor risus. Vivamus magna justo, lacinia eget consectetur sed, convallis at tellus. Pellentesque in ipsum id orci porta dapibus. Sed porttitor lectus nibh. Proin eget tortor risus. Nulla porttitor accumsan tincidunt. Vestibulum ante ipsum primis in faucibus orci luctus et ultrices posuere cubilia Curae; Donec velit neque, auctor sit amet aliquam vel, ullamcorper sit amet ligula. Vivamus magna justo, lacinia eget consectetur sed, convallis at tellus.', '', '1', '2019-08-07 23:45:17', 5, 1, 4, 1, NULL),
(60, 'this is NightKing 20', 'Proin eget tortor risus. Nulla quis lorem ut libero malesuada feugiat. Mauris blandit aliquet elit, eget tincidunt nibh pulvinar a. Proin eget tortor risus. Lorem ipsum dolor sit amet, consectetur adipiscing elit. Proin eget tortor risus. Donec rutrum congue leo eget malesuada. Vivamus suscipit tortor eget felis porttitor volutpat. Vivamus suscipit tortor eget felis porttitor volutpat. Mauris blandit aliquet elit, eget tincidunt nibh pulvinar a. Vivamus suscipit tortor eget felis porttitor volutpat. Pellentesque in ipsum id orci porta dapibus. Proin eget tortor risus. Vivamus magna justo, lacinia eget consectetur sed, convallis at tellus. Pellentesque in ipsum id orci porta dapibus. Sed porttitor lectus nibh. Proin eget tortor risus. Nulla porttitor accumsan tincidunt. Vestibulum ante ipsum primis in faucibus orci luctus et ultrices posuere cubilia Curae; Donec velit neque, auctor sit amet aliquam vel, ullamcorper sit amet ligula. Vivamus magna justo, lacinia eget consectetur sed, convallis at tellus.', '', '1', '2019-08-07 23:45:17', 5, 1, 4, 1, NULL),
(61, 'post test 1.1', 'Vivamus magna justo, lacinia eget consectetur sed, convallis at tellus. Donec rutrum congue leo eget malesuada. Cras ultricies ligula sed magna dictum porta. Vivamus magna justo, lacinia eget consectetur sed, convallis at tellus. Donec rutrum congue leo eget malesuada. Donec rutrum congue leo eget malesuada. Vestibulum ante ipsum primis in faucibus orci luctus et ultrices posuere cubilia Curae; Donec velit neque, auctor sit amet aliquam vel, ullamcorper sit amet ligula. Vestibulum ante ipsum primis in faucibus orci luctus et ultrices posuere cubilia Curae; Donec velit neque, auctor sit amet aliquam vel, ullamcorper sit amet ligula. Donec rutrum congue leo eget malesuada. Vivamus suscipit tortor eget felis porttitor volutpat. Lorem ipsum dolor sit amet, consectetur adipiscing elit. Mauris blandit aliquet elit, eget tincidunt nibh pulvinar a. Cras ultricies ligula sed magna dictum porta. Vestibulum ac diam sit amet quam vehicula elementum sed sit amet dui. Cras ultricies ligula sed magna dictum porta. Donec sollicitudin molestie malesuada. Praesent sapien massa, convallis a pellentesque nec, egestas non nisi. Curabitur aliquet quam id dui posuere blandit. Donec sollicitudin molestie malesuada. Curabitur aliquet quam id dui posuere blandit.', '', '1', '2019-08-07 23:47:14', 0, 1, 1, 2, NULL),
(62, 'post test 1.1', 'Vivamus magna justo, lacinia eget consectetur sed, convallis at tellus. Donec rutrum congue leo eget malesuada. Cras ultricies ligula sed magna dictum porta. Vivamus magna justo, lacinia eget consectetur sed, convallis at tellus. Donec rutrum congue leo eget malesuada. Donec rutrum congue leo eget malesuada. Vestibulum ante ipsum primis in faucibus orci luctus et ultrices posuere cubilia Curae; Donec velit neque, auctor sit amet aliquam vel, ullamcorper sit amet ligula. Vestibulum ante ipsum primis in faucibus orci luctus et ultrices posuere cubilia Curae; Donec velit neque, auctor sit amet aliquam vel, ullamcorper sit amet ligula. Donec rutrum congue leo eget malesuada. Vivamus suscipit tortor eget felis porttitor volutpat. Lorem ipsum dolor sit amet, consectetur adipiscing elit. Mauris blandit aliquet elit, eget tincidunt nibh pulvinar a. Cras ultricies ligula sed magna dictum porta. Vestibulum ac diam sit amet quam vehicula elementum sed sit amet dui. Cras ultricies ligula sed magna dictum porta. Donec sollicitudin molestie malesuada. Praesent sapien massa, convallis a pellentesque nec, egestas non nisi. Curabitur aliquet quam id dui posuere blandit. Donec sollicitudin molestie malesuada. Curabitur aliquet quam id dui posuere blandit.', '', '1', '2019-08-08 00:43:07', 5, 1, 1, 2, NULL),
(63, 'post test 1.1', 'Vivamus magna justo, lacinia eget consectetur sed, convallis at tellus. Donec rutrum congue leo eget malesuada. Cras ultricies ligula sed magna dictum porta. Vivamus magna justo, lacinia eget consectetur sed, convallis at tellus. Donec rutrum congue leo eget malesuada. Donec rutrum congue leo eget malesuada. Vestibulum ante ipsum primis in faucibus orci luctus et ultrices posuere cubilia Curae; Donec velit neque, auctor sit amet aliquam vel, ullamcorper sit amet ligula. Vestibulum ante ipsum primis in faucibus orci luctus et ultrices posuere cubilia Curae; Donec velit neque, auctor sit amet aliquam vel, ullamcorper sit amet ligula. Donec rutrum congue leo eget malesuada. Vivamus suscipit tortor eget felis porttitor volutpat. Lorem ipsum dolor sit amet, consectetur adipiscing elit. Mauris blandit aliquet elit, eget tincidunt nibh pulvinar a. Cras ultricies ligula sed magna dictum porta. Vestibulum ac diam sit amet quam vehicula elementum sed sit amet dui. Cras ultricies ligula sed magna dictum porta. Donec sollicitudin molestie malesuada. Praesent sapien massa, convallis a pellentesque nec, egestas non nisi. Curabitur aliquet quam id dui posuere blandit. Donec sollicitudin molestie malesuada. Curabitur aliquet quam id dui posuere blandit.', '', '1', '2019-08-08 00:44:12', 5, 1, 1, 2, NULL),
(64, 'post test 1.2', 'Vivamus magna justo, lacinia eget consectetur sed, convallis at tellus. Donec rutrum congue leo eget malesuada. Cras ultricies ligula sed magna dictum porta. Vivamus magna justo, lacinia eget consectetur sed, convallis at tellus. Donec rutrum congue leo eget malesuada. Donec rutrum congue leo eget malesuada. Vestibulum ante ipsum primis in faucibus orci luctus et ultrices posuere cubilia Curae; Donec velit neque, auctor sit amet aliquam vel, ullamcorper sit amet ligula. Vestibulum ante ipsum primis in faucibus orci luctus et ultrices posuere cubilia Curae; Donec velit neque, auctor sit amet aliquam vel, ullamcorper sit amet ligula. Donec rutrum congue leo eget malesuada. Vivamus suscipit tortor eget felis porttitor volutpat. Lorem ipsum dolor sit amet, consectetur adipiscing elit. Mauris blandit aliquet elit, eget tincidunt nibh pulvinar a. Cras ultricies ligula sed magna dictum porta. Vestibulum ac diam sit amet quam vehicula elementum sed sit amet dui. Cras ultricies ligula sed magna dictum porta. Donec sollicitudin molestie malesuada. Praesent sapien massa, convallis a pellentesque nec, egestas non nisi. Curabitur aliquet quam id dui posuere blandit. Donec sollicitudin molestie malesuada. Curabitur aliquet quam id dui posuere blandit.', '', '1', '2019-08-08 00:44:17', 5, 1, 1, 2, NULL),
(65, 'post test 1.3', 'Vivamus magna justo, lacinia eget consectetur sed, convallis at tellus. Donec rutrum congue leo eget malesuada. Cras ultricies ligula sed magna dictum porta. Vivamus magna justo, lacinia eget consectetur sed, convallis at tellus. Donec rutrum congue leo eget malesuada. Donec rutrum congue leo eget malesuada. Vestibulum ante ipsum primis in faucibus orci luctus et ultrices posuere cubilia Curae; Donec velit neque, auctor sit amet aliquam vel, ullamcorper sit amet ligula. Vestibulum ante ipsum primis in faucibus orci luctus et ultrices posuere cubilia Curae; Donec velit neque, auctor sit amet aliquam vel, ullamcorper sit amet ligula. Donec rutrum congue leo eget malesuada. Vivamus suscipit tortor eget felis porttitor volutpat. Lorem ipsum dolor sit amet, consectetur adipiscing elit. Mauris blandit aliquet elit, eget tincidunt nibh pulvinar a. Cras ultricies ligula sed magna dictum porta. Vestibulum ac diam sit amet quam vehicula elementum sed sit amet dui. Cras ultricies ligula sed magna dictum porta. Donec sollicitudin molestie malesuada. Praesent sapien massa, convallis a pellentesque nec, egestas non nisi. Curabitur aliquet quam id dui posuere blandit. Donec sollicitudin molestie malesuada. Curabitur aliquet quam id dui posuere blandit.', '', '1', '2019-08-08 00:44:30', 5, 1, 1, 2, NULL),
(66, 'post test 1.4', 'Vivamus magna justo, lacinia eget consectetur sed, convallis at tellus. Donec rutrum congue leo eget malesuada. Cras ultricies ligula sed magna dictum porta. Vivamus magna justo, lacinia eget consectetur sed, convallis at tellus. Donec rutrum congue leo eget malesuada. Donec rutrum congue leo eget malesuada. Vestibulum ante ipsum primis in faucibus orci luctus et ultrices posuere cubilia Curae; Donec velit neque, auctor sit amet aliquam vel, ullamcorper sit amet ligula. Vestibulum ante ipsum primis in faucibus orci luctus et ultrices posuere cubilia Curae; Donec velit neque, auctor sit amet aliquam vel, ullamcorper sit amet ligula. Donec rutrum congue leo eget malesuada. Vivamus suscipit tortor eget felis porttitor volutpat. Lorem ipsum dolor sit amet, consectetur adipiscing elit. Mauris blandit aliquet elit, eget tincidunt nibh pulvinar a. Cras ultricies ligula sed magna dictum porta. Vestibulum ac diam sit amet quam vehicula elementum sed sit amet dui. Cras ultricies ligula sed magna dictum porta. Donec sollicitudin molestie malesuada. Praesent sapien massa, convallis a pellentesque nec, egestas non nisi. Curabitur aliquet quam id dui posuere blandit. Donec sollicitudin molestie malesuada. Curabitur aliquet quam id dui posuere blandit.', '', '1', '2019-08-08 00:44:34', 5, 1, 1, 2, NULL),
(67, 'post test 1.5', 'Vivamus magna justo, lacinia eget consectetur sed, convallis at tellus. Donec rutrum congue leo eget malesuada. Cras ultricies ligula sed magna dictum porta. Vivamus magna justo, lacinia eget consectetur sed, convallis at tellus. Donec rutrum congue leo eget malesuada. Donec rutrum congue leo eget malesuada. Vestibulum ante ipsum primis in faucibus orci luctus et ultrices posuere cubilia Curae; Donec velit neque, auctor sit amet aliquam vel, ullamcorper sit amet ligula. Vestibulum ante ipsum primis in faucibus orci luctus et ultrices posuere cubilia Curae; Donec velit neque, auctor sit amet aliquam vel, ullamcorper sit amet ligula. Donec rutrum congue leo eget malesuada. Vivamus suscipit tortor eget felis porttitor volutpat. Lorem ipsum dolor sit amet, consectetur adipiscing elit. Mauris blandit aliquet elit, eget tincidunt nibh pulvinar a. Cras ultricies ligula sed magna dictum porta. Vestibulum ac diam sit amet quam vehicula elementum sed sit amet dui. Cras ultricies ligula sed magna dictum porta. Donec sollicitudin molestie malesuada. Praesent sapien massa, convallis a pellentesque nec, egestas non nisi. Curabitur aliquet quam id dui posuere blandit. Donec sollicitudin molestie malesuada. Curabitur aliquet quam id dui posuere blandit.', '', '1', '2019-08-08 00:44:37', 5, 1, 1, 2, NULL),
(68, 'post test 1.6', 'Vivamus magna justo, lacinia eget consectetur sed, convallis at tellus. Donec rutrum congue leo eget malesuada. Cras ultricies ligula sed magna dictum porta. Vivamus magna justo, lacinia eget consectetur sed, convallis at tellus. Donec rutrum congue leo eget malesuada. Donec rutrum congue leo eget malesuada. Vestibulum ante ipsum primis in faucibus orci luctus et ultrices posuere cubilia Curae; Donec velit neque, auctor sit amet aliquam vel, ullamcorper sit amet ligula. Vestibulum ante ipsum primis in faucibus orci luctus et ultrices posuere cubilia Curae; Donec velit neque, auctor sit amet aliquam vel, ullamcorper sit amet ligula. Donec rutrum congue leo eget malesuada. Vivamus suscipit tortor eget felis porttitor volutpat. Lorem ipsum dolor sit amet, consectetur adipiscing elit. Mauris blandit aliquet elit, eget tincidunt nibh pulvinar a. Cras ultricies ligula sed magna dictum porta. Vestibulum ac diam sit amet quam vehicula elementum sed sit amet dui. Cras ultricies ligula sed magna dictum porta. Donec sollicitudin molestie malesuada. Praesent sapien massa, convallis a pellentesque nec, egestas non nisi. Curabitur aliquet quam id dui posuere blandit. Donec sollicitudin molestie malesuada. Curabitur aliquet quam id dui posuere blandit.', '', '1', '2019-08-08 00:44:25', 5, 1, 1, 2, NULL),
(69, 'post test 1.7', 'Vivamus magna justo, lacinia eget consectetur sed, convallis at tellus. Donec rutrum congue leo eget malesuada. Cras ultricies ligula sed magna dictum porta. Vivamus magna justo, lacinia eget consectetur sed, convallis at tellus. Donec rutrum congue leo eget malesuada. Donec rutrum congue leo eget malesuada. Vestibulum ante ipsum primis in faucibus orci luctus et ultrices posuere cubilia Curae; Donec velit neque, auctor sit amet aliquam vel, ullamcorper sit amet ligula. Vestibulum ante ipsum primis in faucibus orci luctus et ultrices posuere cubilia Curae; Donec velit neque, auctor sit amet aliquam vel, ullamcorper sit amet ligula. Donec rutrum congue leo eget malesuada. Vivamus suscipit tortor eget felis porttitor volutpat. Lorem ipsum dolor sit amet, consectetur adipiscing elit. Mauris blandit aliquet elit, eget tincidunt nibh pulvinar a. Cras ultricies ligula sed magna dictum porta. Vestibulum ac diam sit amet quam vehicula elementum sed sit amet dui. Cras ultricies ligula sed magna dictum porta. Donec sollicitudin molestie malesuada. Praesent sapien massa, convallis a pellentesque nec, egestas non nisi. Curabitur aliquet quam id dui posuere blandit. Donec sollicitudin molestie malesuada. Curabitur aliquet quam id dui posuere blandit.', '', '1', '2019-08-08 00:44:20', 5, 1, 1, 2, NULL),
(70, 'post test 1.8', 'Vivamus magna justo, lacinia eget consectetur sed, convallis at tellus. Donec rutrum congue leo eget malesuada. Cras ultricies ligula sed magna dictum porta. Vivamus magna justo, lacinia eget consectetur sed, convallis at tellus. Donec rutrum congue leo eget malesuada. Donec rutrum congue leo eget malesuada. Vestibulum ante ipsum primis in faucibus orci luctus et ultrices posuere cubilia Curae; Donec velit neque, auctor sit amet aliquam vel, ullamcorper sit amet ligula. Vestibulum ante ipsum primis in faucibus orci luctus et ultrices posuere cubilia Curae; Donec velit neque, auctor sit amet aliquam vel, ullamcorper sit amet ligula. Donec rutrum congue leo eget malesuada. Vivamus suscipit tortor eget felis porttitor volutpat. Lorem ipsum dolor sit amet, consectetur adipiscing elit. Mauris blandit aliquet elit, eget tincidunt nibh pulvinar a. Cras ultricies ligula sed magna dictum porta. Vestibulum ac diam sit amet quam vehicula elementum sed sit amet dui. Cras ultricies ligula sed magna dictum porta. Donec sollicitudin molestie malesuada. Praesent sapien massa, convallis a pellentesque nec, egestas non nisi. Curabitur aliquet quam id dui posuere blandit. Donec sollicitudin molestie malesuada. Curabitur aliquet quam id dui posuere blandit.', '', '1', '2019-08-08 00:44:06', 5, 1, 1, 2, NULL),
(71, 'post test 1.1', 'Vivamus magna justo, lacinia eget consectetur sed, convallis at tellus. Donec rutrum congue leo eget malesuada. Cras ultricies ligula sed magna dictum porta. Vivamus magna justo, lacinia eget consectetur sed, convallis at tellus. Donec rutrum congue leo eget malesuada. Donec rutrum congue leo eget malesuada. Vestibulum ante ipsum primis in faucibus orci luctus et ultrices posuere cubilia Curae; Donec velit neque, auctor sit amet aliquam vel, ullamcorper sit amet ligula. Vestibulum ante ipsum primis in faucibus orci luctus et ultrices posuere cubilia Curae; Donec velit neque, auctor sit amet aliquam vel, ullamcorper sit amet ligula. Donec rutrum congue leo eget malesuada. Vivamus suscipit tortor eget felis porttitor volutpat. Lorem ipsum dolor sit amet, consectetur adipiscing elit. Mauris blandit aliquet elit, eget tincidunt nibh pulvinar a. Cras ultricies ligula sed magna dictum porta. Vestibulum ac diam sit amet quam vehicula elementum sed sit amet dui. Cras ultricies ligula sed magna dictum porta. Donec sollicitudin molestie malesuada. Praesent sapien massa, convallis a pellentesque nec, egestas non nisi. Curabitur aliquet quam id dui posuere blandit. Donec sollicitudin molestie malesuada. Curabitur aliquet quam id dui posuere blandit.', '', '1', '2019-08-08 00:44:00', 5, 1, 1, 2, NULL),
(72, 'post test 1.9', 'Vivamus magna justo, lacinia eget consectetur sed, convallis at tellus. Donec rutrum congue leo eget malesuada. Cras ultricies ligula sed magna dictum porta. Vivamus magna justo, lacinia eget consectetur sed, convallis at tellus. Donec rutrum congue leo eget malesuada. Donec rutrum congue leo eget malesuada. Vestibulum ante ipsum primis in faucibus orci luctus et ultrices posuere cubilia Curae; Donec velit neque, auctor sit amet aliquam vel, ullamcorper sit amet ligula. Vestibulum ante ipsum primis in faucibus orci luctus et ultrices posuere cubilia Curae; Donec velit neque, auctor sit amet aliquam vel, ullamcorper sit amet ligula. Donec rutrum congue leo eget malesuada. Vivamus suscipit tortor eget felis porttitor volutpat. Lorem ipsum dolor sit amet, consectetur adipiscing elit. Mauris blandit aliquet elit, eget tincidunt nibh pulvinar a. Cras ultricies ligula sed magna dictum porta. Vestibulum ac diam sit amet quam vehicula elementum sed sit amet dui. Cras ultricies ligula sed magna dictum porta. Donec sollicitudin molestie malesuada. Praesent sapien massa, convallis a pellentesque nec, egestas non nisi. Curabitur aliquet quam id dui posuere blandit. Donec sollicitudin molestie malesuada. Curabitur aliquet quam id dui posuere blandit.', '', '1', '2019-08-08 00:43:55', 5, 1, 1, 2, NULL),
(73, 'post test 1.10', 'Vivamus magna justo, lacinia eget consectetur sed, convallis at tellus. Donec rutrum congue leo eget malesuada. Cras ultricies ligula sed magna dictum porta. Vivamus magna justo, lacinia eget consectetur sed, convallis at tellus. Donec rutrum congue leo eget malesuada. Donec rutrum congue leo eget malesuada. Vestibulum ante ipsum primis in faucibus orci luctus et ultrices posuere cubilia Curae; Donec velit neque, auctor sit amet aliquam vel, ullamcorper sit amet ligula. Vestibulum ante ipsum primis in faucibus orci luctus et ultrices posuere cubilia Curae; Donec velit neque, auctor sit amet aliquam vel, ullamcorper sit amet ligula. Donec rutrum congue leo eget malesuada. Vivamus suscipit tortor eget felis porttitor volutpat. Lorem ipsum dolor sit amet, consectetur adipiscing elit. Mauris blandit aliquet elit, eget tincidunt nibh pulvinar a. Cras ultricies ligula sed magna dictum porta. Vestibulum ac diam sit amet quam vehicula elementum sed sit amet dui. Cras ultricies ligula sed magna dictum porta. Donec sollicitudin molestie malesuada. Praesent sapien massa, convallis a pellentesque nec, egestas non nisi. Curabitur aliquet quam id dui posuere blandit. Donec sollicitudin molestie malesuada. Curabitur aliquet quam id dui posuere blandit.', '', '1', '2019-08-08 00:43:52', 5, 1, 1, 2, NULL),
(74, 'post test 2.1', 'Vivamus magna justo, lacinia eget consectetur sed, convallis at tellus. Donec rutrum congue leo eget malesuada. Cras ultricies ligula sed magna dictum porta. Vivamus magna justo, lacinia eget consectetur sed, convallis at tellus. Donec rutrum congue leo eget malesuada. Donec rutrum congue leo eget malesuada. Vestibulum ante ipsum primis in faucibus orci luctus et ultrices posuere cubilia Curae; Donec velit neque, auctor sit amet aliquam vel, ullamcorper sit amet ligula. Vestibulum ante ipsum primis in faucibus orci luctus et ultrices posuere cubilia Curae; Donec velit neque, auctor sit amet aliquam vel, ullamcorper sit amet ligula. Donec rutrum congue leo eget malesuada. Vivamus suscipit tortor eget felis porttitor volutpat. Lorem ipsum dolor sit amet, consectetur adipiscing elit. Mauris blandit aliquet elit, eget tincidunt nibh pulvinar a. Cras ultricies ligula sed magna dictum porta. Vestibulum ac diam sit amet quam vehicula elementum sed sit amet dui. Cras ultricies ligula sed magna dictum porta. Donec sollicitudin molestie malesuada. Praesent sapien massa, convallis a pellentesque nec, egestas non nisi. Curabitur aliquet quam id dui posuere blandit. Donec sollicitudin molestie malesuada. Curabitur aliquet quam id dui posuere blandit.', '', '1', '2019-08-08 00:43:49', 5, 1, 2, 2, NULL),
(75, 'post test 2.2', 'Vivamus magna justo, lacinia eget consectetur sed, convallis at tellus. Donec rutrum congue leo eget malesuada. Cras ultricies ligula sed magna dictum porta. Vivamus magna justo, lacinia eget consectetur sed, convallis at tellus. Donec rutrum congue leo eget malesuada. Donec rutrum congue leo eget malesuada. Vestibulum ante ipsum primis in faucibus orci luctus et ultrices posuere cubilia Curae; Donec velit neque, auctor sit amet aliquam vel, ullamcorper sit amet ligula. Vestibulum ante ipsum primis in faucibus orci luctus et ultrices posuere cubilia Curae; Donec velit neque, auctor sit amet aliquam vel, ullamcorper sit amet ligula. Donec rutrum congue leo eget malesuada. Vivamus suscipit tortor eget felis porttitor volutpat. Lorem ipsum dolor sit amet, consectetur adipiscing elit. Mauris blandit aliquet elit, eget tincidunt nibh pulvinar a. Cras ultricies ligula sed magna dictum porta. Vestibulum ac diam sit amet quam vehicula elementum sed sit amet dui. Cras ultricies ligula sed magna dictum porta. Donec sollicitudin molestie malesuada. Praesent sapien massa, convallis a pellentesque nec, egestas non nisi. Curabitur aliquet quam id dui posuere blandit. Donec sollicitudin molestie malesuada. Curabitur aliquet quam id dui posuere blandit.', '', '1', '2019-08-08 00:43:45', 5, 1, 2, 2, NULL),
(76, 'post test 2.3', 'Vivamus magna justo, lacinia eget consectetur sed, convallis at tellus. Donec rutrum congue leo eget malesuada. Cras ultricies ligula sed magna dictum porta. Vivamus magna justo, lacinia eget consectetur sed, convallis at tellus. Donec rutrum congue leo eget malesuada. Donec rutrum congue leo eget malesuada. Vestibulum ante ipsum primis in faucibus orci luctus et ultrices posuere cubilia Curae; Donec velit neque, auctor sit amet aliquam vel, ullamcorper sit amet ligula. Vestibulum ante ipsum primis in faucibus orci luctus et ultrices posuere cubilia Curae; Donec velit neque, auctor sit amet aliquam vel, ullamcorper sit amet ligula. Donec rutrum congue leo eget malesuada. Vivamus suscipit tortor eget felis porttitor volutpat. Lorem ipsum dolor sit amet, consectetur adipiscing elit. Mauris blandit aliquet elit, eget tincidunt nibh pulvinar a. Cras ultricies ligula sed magna dictum porta. Vestibulum ac diam sit amet quam vehicula elementum sed sit amet dui. Cras ultricies ligula sed magna dictum porta. Donec sollicitudin molestie malesuada. Praesent sapien massa, convallis a pellentesque nec, egestas non nisi. Curabitur aliquet quam id dui posuere blandit. Donec sollicitudin molestie malesuada. Curabitur aliquet quam id dui posuere blandit.', '', '1', '2019-08-08 00:43:41', 5, 1, 2, 2, NULL),
(77, 'post test 2.4', 'Vivamus magna justo, lacinia eget consectetur sed, convallis at tellus. Donec rutrum congue leo eget malesuada. Cras ultricies ligula sed magna dictum porta. Vivamus magna justo, lacinia eget consectetur sed, convallis at tellus. Donec rutrum congue leo eget malesuada. Donec rutrum congue leo eget malesuada. Vestibulum ante ipsum primis in faucibus orci luctus et ultrices posuere cubilia Curae; Donec velit neque, auctor sit amet aliquam vel, ullamcorper sit amet ligula. Vestibulum ante ipsum primis in faucibus orci luctus et ultrices posuere cubilia Curae; Donec velit neque, auctor sit amet aliquam vel, ullamcorper sit amet ligula. Donec rutrum congue leo eget malesuada. Vivamus suscipit tortor eget felis porttitor volutpat. Lorem ipsum dolor sit amet, consectetur adipiscing elit. Mauris blandit aliquet elit, eget tincidunt nibh pulvinar a. Cras ultricies ligula sed magna dictum porta. Vestibulum ac diam sit amet quam vehicula elementum sed sit amet dui. Cras ultricies ligula sed magna dictum porta. Donec sollicitudin molestie malesuada. Praesent sapien massa, convallis a pellentesque nec, egestas non nisi. Curabitur aliquet quam id dui posuere blandit. Donec sollicitudin molestie malesuada. Curabitur aliquet quam id dui posuere blandit.', '', '1', '2019-08-08 00:43:37', 5, 1, 2, 2, NULL),
(78, 'post test 2.5', 'Vivamus magna justo, lacinia eget consectetur sed, convallis at tellus. Donec rutrum congue leo eget malesuada. Cras ultricies ligula sed magna dictum porta. Vivamus magna justo, lacinia eget consectetur sed, convallis at tellus. Donec rutrum congue leo eget malesuada. Donec rutrum congue leo eget malesuada. Vestibulum ante ipsum primis in faucibus orci luctus et ultrices posuere cubilia Curae; Donec velit neque, auctor sit amet aliquam vel, ullamcorper sit amet ligula. Vestibulum ante ipsum primis in faucibus orci luctus et ultrices posuere cubilia Curae; Donec velit neque, auctor sit amet aliquam vel, ullamcorper sit amet ligula. Donec rutrum congue leo eget malesuada. Vivamus suscipit tortor eget felis porttitor volutpat. Lorem ipsum dolor sit amet, consectetur adipiscing elit. Mauris blandit aliquet elit, eget tincidunt nibh pulvinar a. Cras ultricies ligula sed magna dictum porta. Vestibulum ac diam sit amet quam vehicula elementum sed sit amet dui. Cras ultricies ligula sed magna dictum porta. Donec sollicitudin molestie malesuada. Praesent sapien massa, convallis a pellentesque nec, egestas non nisi. Curabitur aliquet quam id dui posuere blandit. Donec sollicitudin molestie malesuada. Curabitur aliquet quam id dui posuere blandit.', '', '1', '2019-08-08 00:43:33', 5, 1, 2, 2, NULL),
(79, 'post test 2.6', 'Vivamus magna justo, lacinia eget consectetur sed, convallis at tellus. Donec rutrum congue leo eget malesuada. Cras ultricies ligula sed magna dictum porta. Vivamus magna justo, lacinia eget consectetur sed, convallis at tellus. Donec rutrum congue leo eget malesuada. Donec rutrum congue leo eget malesuada. Vestibulum ante ipsum primis in faucibus orci luctus et ultrices posuere cubilia Curae; Donec velit neque, auctor sit amet aliquam vel, ullamcorper sit amet ligula. Vestibulum ante ipsum primis in faucibus orci luctus et ultrices posuere cubilia Curae; Donec velit neque, auctor sit amet aliquam vel, ullamcorper sit amet ligula. Donec rutrum congue leo eget malesuada. Vivamus suscipit tortor eget felis porttitor volutpat. Lorem ipsum dolor sit amet, consectetur adipiscing elit. Mauris blandit aliquet elit, eget tincidunt nibh pulvinar a. Cras ultricies ligula sed magna dictum porta. Vestibulum ac diam sit amet quam vehicula elementum sed sit amet dui. Cras ultricies ligula sed magna dictum porta. Donec sollicitudin molestie malesuada. Praesent sapien massa, convallis a pellentesque nec, egestas non nisi. Curabitur aliquet quam id dui posuere blandit. Donec sollicitudin molestie malesuada. Curabitur aliquet quam id dui posuere blandit.', '', '1', '2019-08-08 00:43:29', 5, 1, 2, 2, NULL),
(80, 'post test 2.7', 'Vivamus magna justo, lacinia eget consectetur sed, convallis at tellus. Donec rutrum congue leo eget malesuada. Cras ultricies ligula sed magna dictum porta. Vivamus magna justo, lacinia eget consectetur sed, convallis at tellus. Donec rutrum congue leo eget malesuada. Donec rutrum congue leo eget malesuada. Vestibulum ante ipsum primis in faucibus orci luctus et ultrices posuere cubilia Curae; Donec velit neque, auctor sit amet aliquam vel, ullamcorper sit amet ligula. Vestibulum ante ipsum primis in faucibus orci luctus et ultrices posuere cubilia Curae; Donec velit neque, auctor sit amet aliquam vel, ullamcorper sit amet ligula. Donec rutrum congue leo eget malesuada. Vivamus suscipit tortor eget felis porttitor volutpat. Lorem ipsum dolor sit amet, consectetur adipiscing elit. Mauris blandit aliquet elit, eget tincidunt nibh pulvinar a. Cras ultricies ligula sed magna dictum porta. Vestibulum ac diam sit amet quam vehicula elementum sed sit amet dui. Cras ultricies ligula sed magna dictum porta. Donec sollicitudin molestie malesuada. Praesent sapien massa, convallis a pellentesque nec, egestas non nisi. Curabitur aliquet quam id dui posuere blandit. Donec sollicitudin molestie malesuada. Curabitur aliquet quam id dui posuere blandit.', '', '1', '2019-08-08 00:43:25', 5, 1, 2, 2, NULL),
(81, 'post test 2.8', 'Vivamus magna justo, lacinia eget consectetur sed, convallis at tellus. Donec rutrum congue leo eget malesuada. Cras ultricies ligula sed magna dictum porta. Vivamus magna justo, lacinia eget consectetur sed, convallis at tellus. Donec rutrum congue leo eget malesuada. Donec rutrum congue leo eget malesuada. Vestibulum ante ipsum primis in faucibus orci luctus et ultrices posuere cubilia Curae; Donec velit neque, auctor sit amet aliquam vel, ullamcorper sit amet ligula. Vestibulum ante ipsum primis in faucibus orci luctus et ultrices posuere cubilia Curae; Donec velit neque, auctor sit amet aliquam vel, ullamcorper sit amet ligula. Donec rutrum congue leo eget malesuada. Vivamus suscipit tortor eget felis porttitor volutpat. Lorem ipsum dolor sit amet, consectetur adipiscing elit. Mauris blandit aliquet elit, eget tincidunt nibh pulvinar a. Cras ultricies ligula sed magna dictum porta. Vestibulum ac diam sit amet quam vehicula elementum sed sit amet dui. Cras ultricies ligula sed magna dictum porta. Donec sollicitudin molestie malesuada. Praesent sapien massa, convallis a pellentesque nec, egestas non nisi. Curabitur aliquet quam id dui posuere blandit. Donec sollicitudin molestie malesuada. Curabitur aliquet quam id dui posuere blandit.', '35818_Desert.jpg', '1', '2019-08-21 23:00:20', 5, 1, 2, 2, 'prepare,this,not,tags'),
(82, 'post test 2.9', 'Vivamus magna justo, lacinia eget consectetur sed, convallis at tellus. Donec rutrum congue leo eget malesuada. Cras ultricies ligula sed magna dictum porta. Vivamus magna justo, lacinia eget consectetur sed, convallis at tellus. Donec rutrum congue leo eget malesuada. Donec rutrum congue leo eget malesuada. Vestibulum ante ipsum primis in faucibus orci luctus et ultrices posuere cubilia Curae; Donec velit neque, auctor sit amet aliquam vel, ullamcorper sit amet ligula. Vestibulum ante ipsum primis in faucibus orci luctus et ultrices posuere cubilia Curae; Donec velit neque, auctor sit amet aliquam vel, ullamcorper sit amet ligula. Donec rutrum congue leo eget malesuada. Vivamus suscipit tortor eget felis porttitor volutpat. Lorem ipsum dolor sit amet, consectetur adipiscing elit. Mauris blandit aliquet elit, eget tincidunt nibh pulvinar a. Cras ultricies ligula sed magna dictum porta. Vestibulum ac diam sit amet quam vehicula elementum sed sit amet dui. Cras ultricies ligula sed magna dictum porta. Donec sollicitudin molestie malesuada. Praesent sapien massa, convallis a pellentesque nec, egestas non nisi. Curabitur aliquet quam id dui posuere blandit. Donec sollicitudin molestie malesuada. Curabitur aliquet quam id dui posuere blandit.', '418236_Koala.jpg', '1', '2019-08-08 19:55:00', 5, 1, 2, 2, NULL),
(83, 'post test 2.10', 'Vivamus magna justo, lacinia eget consectetur sed, convallis at tellus. Donec rutrum congue leo eget malesuada. Cras ultricies ligula sed magna dictum porta. Vivamus magna justo, lacinia eget consectetur sed, convallis at tellus. Donec rutrum congue leo eget malesuada. Donec rutrum congue leo eget malesuada. Vestibulum ante ipsum primis in faucibus orci luctus et ultrices posuere cubilia Curae; Donec velit neque, auctor sit amet aliquam vel, ullamcorper sit amet ligula. Vestibulum ante ipsum primis in faucibus orci luctus et ultrices posuere cubilia Curae; Donec velit neque, auctor sit amet aliquam vel, ullamcorper sit amet ligula. Donec rutrum congue leo eget malesuada. Vivamus suscipit tortor eget felis porttitor volutpat. Lorem ipsum dolor sit amet, consectetur adipiscing elit. Mauris blandit aliquet elit, eget tincidunt nibh pulvinar a. Cras ultricies ligula sed magna dictum porta. Vestibulum ac diam sit amet quam vehicula elementum sed sit amet dui. Cras ultricies ligula sed magna dictum porta. Donec sollicitudin molestie malesuada. Praesent sapien massa, convallis a pellentesque nec, egestas non nisi. Curabitur aliquet quam id dui posuere blandit. Donec sollicitudin molestie malesuada. Curabitur aliquet quam id dui posuere blandit.', '177551_42251_Jellyfish.jpg', '1', '2019-08-23 11:25:40', 9.5, 1, 2, 2, 'prepare , this , not , tags'),
(84, 'post test 1.50', 'Vivamus magna justo, lacinia eget consectetur sed, convallis at tellus. Donec rutrum congue leo eget malesuada. Cras ultricies ligula sed magna dictum porta. Vivamus magna justo, lacinia eget consectetur sed, convallis at tellus. Donec rutrum congue leo eget malesuada. Donec rutrum congue leo eget malesuada. Vestibulum ante ipsum primis in faucibus orci luctus et ultrices posuere cubilia Curae; Donec velit neque, auctor sit amet aliquam vel, ullamcorper sit amet ligula. Vestibulum ante ipsum primis in faucibus orci luctus et ultrices posuere cubilia Curae; Donec velit neque, auctor sit amet aliquam vel, ullamcorper sit amet ligula. Donec rutrum congue leo eget malesuada. Vivamus suscipit tortor eget felis porttitor volutpat. Lorem ipsum dolor sit amet, consectetur adipiscing elit. Mauris blandit aliquet elit, eget tincidunt nibh pulvinar a. Cras ultricies ligula sed magna dictum porta. Vestibulum ac diam sit amet quam vehicula elementum sed sit amet dui. Cras ultricies ligula sed magna dictum porta. Donec sollicitudin molestie malesuada. Praesent sapien massa, convallis a pellentesque nec, egestas non nisi. Curabitur aliquet quam id dui posuere blandit. Donec sollicitudin molestie malesuada. Curabitur aliquet quam id dui posuere blandit.', '', '1', '2019-08-08 00:43:52', 5, 1, 1, 2, NULL),
(85, 'this is post f50.', 'Proin eget tortor risus. Nulla quis lorem ut libero malesuada feugiat. Mauris blandit aliquet elit, eget tincidunt nibh pulvinar a. Proin eget tortor risus. Lorem ipsum dolor sit amet, consectetur adipiscing elit. Proin eget tortor risus. Donec rutrum congue leo eget malesuada. Vivamus suscipit tortor eget felis porttitor volutpat. Vivamus suscipit tortor eget felis porttitor volutpat. Mauris blandit aliquet elit, eget tincidunt nibh pulvinar a. Vivamus suscipit tortor eget felis porttitor volutpat. Pellentesque in ipsum id orci porta dapibus. Proin eget tortor risus. Vivamus magna justo, lacinia eget consectetur sed, convallis at tellus. Pellentesque in ipsum id orci porta dapibus. Sed porttitor lectus nibh. Proin eget tortor risus. Nulla porttitor accumsan tincidunt. Vestibulum ante ipsum primis in faucibus orci luctus et ultrices posuere cubilia Curae; Donec velit neque, auctor sit amet aliquam vel, ullamcorper sit amet ligula. Vivamus magna justo, lacinia eget consectetur sed, convallis at tellus.', '', '1', '2019-08-11 15:42:24', 6, 1, 1, 1, NULL);
INSERT INTO `posts` (`Post_ID`, `Name`, `Description`, `Image`, `Status`, `Add_Date`, `Rating`, `Approve`, `Cat_ID`, `Member_ID`, `tags`) VALUES
(86, 'post test dan nn_ru', 'Vivamus magna justo, lacinia eget consectetur sed, convallis at tellus. Donec rutrum congue leo eget malesuada. Cras ultricies ligula sed magna dictum porta. Vivamus magna justo, lacinia eget consectetur sed, convallis at tellus. Donec rutrum congue leo eget malesuada. Donec rutrum congue leo eget malesuada. Vestibulum ante ipsum primis in faucibus orci luctus et ultrices posuere cubilia Curae; Donec velit neque, auctor sit amet aliquam vel, ullamcorper sit amet ligula. Vestibulum ante ipsum primis in faucibus orci luctus et ultrices posuere cubilia Curae; Donec velit neque, auctor sit amet aliquam vel, ullamcorper sit amet ligula. Donec rutrum congue leo eget malesuada. Vivamus suscipit tortor eget felis porttitor volutpat. Lorem ipsum dolor sit amet, consectetur adipiscing elit. Mauris blandit aliquet elit, eget tincidunt nibh pulvinar a. Cras ultricies ligula sed magna dictum porta. Vestibulum ac diam sit amet quam vehicula elementum sed sit amet dui. Cras ultricies ligula sed magna dictum porta. Donec sollicitudin molestie malesuada. Praesent sapien massa, convallis a pellentesque nec, egestas non nisi. Curabitur aliquet quam id dui posuere blandit. Donec sollicitudin molestie malesuada. Curabitur aliquet quam id dui posuere blandit.', '177551_42251_Jellyfish.jpg', '1', '2019-08-25 13:17:13', 9.5, 1, 2, 1, 'prepare , this , not , tags');

-- --------------------------------------------------------

--
-- Table structure for table `sub_categories`
--

CREATE TABLE IF NOT EXISTS `sub_categories` (
  `id_sub` int(11) NOT NULL,
  `name_sub` varchar(255) NOT NULL,
  `desc_sub` varchar(255) NOT NULL,
  `allow_comments` tinyint(4) NOT NULL,
  `category_id` int(11) NOT NULL
) ENGINE=InnoDB AUTO_INCREMENT=4 DEFAULT CHARSET=utf8;

--
-- Dumping data for table `sub_categories`
--

INSERT INTO `sub_categories` (`id_sub`, `name_sub`, `desc_sub`, `allow_comments`, `category_id`) VALUES
(1, 'Fiction', 'description', 1, 3),
(2, 'TV', 'description', 1, 1),
(3, 'Aliens', 'description', 1, 3);

-- --------------------------------------------------------

--
-- Table structure for table `users`
--

CREATE TABLE IF NOT EXISTS `users` (
  `UserID` int(11) NOT NULL COMMENT 'To Identify User',
  `Username` varchar(255) NOT NULL COMMENT 'Username To Login',
  `Password` varchar(255) NOT NULL COMMENT 'Password To Login',
  `Email` varchar(255) NOT NULL,
  `FullName` varchar(255) NOT NULL,
  `GroupID` int(11) NOT NULL DEFAULT '0' COMMENT 'Identify User Group',
  `TrustStatus` int(11) NOT NULL DEFAULT '0' COMMENT 'Seller Rank',
  `RegStatus` int(11) NOT NULL DEFAULT '0' COMMENT 'User Approval',
  `Date` date NOT NULL,
  `avatar` varchar(255) NOT NULL
) ENGINE=InnoDB AUTO_INCREMENT=4 DEFAULT CHARSET=utf8;

--
-- Dumping data for table `users`
--

INSERT INTO `users` (`UserID`, `Username`, `Password`, `Email`, `FullName`, `GroupID`, `TrustStatus`, `RegStatus`, `Date`, `avatar`) VALUES
(1, 'ragnar', '1d18ebdd59271e9ec7a92337048508c5dc9a48be', 'o@elzero.info', 'Osama Mohamed', 1, 0, 1, '0000-00-00', '533524_15284026_574967966044150_4480134981897001657_n.jpg'),
(2, 'shosho', '601f1889667efaebb33b8c12572835da3f027f78', 'ahmed@ahmed.com', 'Ahmed Sameh', 0, 0, 1, '2016-05-06', '30670_avatar.jpg'),
(3, 'shosho_two', '601f1889667efaebb33b8c12572835da3f027f78', 'ahmed@ahmed.com', 'Ahmed Sameh', 0, 0, 1, '2016-05-06', '787675_hannibal.png');

--
-- Indexes for dumped tables
--

--
-- Indexes for table `categories`
--
ALTER TABLE `categories`
  ADD PRIMARY KEY (`ID`),
  ADD UNIQUE KEY `Name` (`Name`);

--
-- Indexes for table `comments`
--
ALTER TABLE `comments`
  ADD PRIMARY KEY (`c_id`),
  ADD KEY `comment_user` (`user-id`),
  ADD KEY `user-id` (`user-id`),
  ADD KEY `post-id` (`post-id`);

--
-- Indexes for table `posts`
--
ALTER TABLE `posts`
  ADD PRIMARY KEY (`Post_ID`),
  ADD KEY `member_1` (`Member_ID`),
  ADD KEY `cat_1` (`Cat_ID`),
  ADD KEY `Post_ID` (`Post_ID`);

--
-- Indexes for table `sub_categories`
--
ALTER TABLE `sub_categories`
  ADD PRIMARY KEY (`id_sub`),
  ADD KEY `category_id` (`category_id`);

--
-- Indexes for table `users`
--
ALTER TABLE `users`
  ADD PRIMARY KEY (`UserID`),
  ADD UNIQUE KEY `Username` (`Username`);

--
-- AUTO_INCREMENT for dumped tables
--

--
-- AUTO_INCREMENT for table `categories`
--
ALTER TABLE `categories`
  MODIFY `ID` int(11) NOT NULL AUTO_INCREMENT,AUTO_INCREMENT=7;
--
-- AUTO_INCREMENT for table `comments`
--
ALTER TABLE `comments`
  MODIFY `c_id` int(11) NOT NULL AUTO_INCREMENT,AUTO_INCREMENT=35;
--
-- AUTO_INCREMENT for table `posts`
--
ALTER TABLE `posts`
  MODIFY `Post_ID` int(11) NOT NULL AUTO_INCREMENT,AUTO_INCREMENT=87;
--
-- AUTO_INCREMENT for table `sub_categories`
--
ALTER TABLE `sub_categories`
  MODIFY `id_sub` int(11) NOT NULL AUTO_INCREMENT,AUTO_INCREMENT=4;
--
-- AUTO_INCREMENT for table `users`
--
ALTER TABLE `users`
  MODIFY `UserID` int(11) NOT NULL AUTO_INCREMENT COMMENT 'To Identify User',AUTO_INCREMENT=4;
--
-- Constraints for dumped tables
--

--
-- Constraints for table `comments`
--
ALTER TABLE `comments`
  ADD CONSTRAINT `comment_user` FOREIGN KEY (`user-id`) REFERENCES `users` (`UserID`) ON DELETE CASCADE ON UPDATE CASCADE,
  ADD CONSTRAINT `post_comment` FOREIGN KEY (`post-id`) REFERENCES `posts` (`Post_ID`) ON DELETE CASCADE ON UPDATE CASCADE;

--
-- Constraints for table `posts`
--
ALTER TABLE `posts`
  ADD CONSTRAINT `cat_1` FOREIGN KEY (`Cat_ID`) REFERENCES `categories` (`ID`) ON DELETE CASCADE ON UPDATE CASCADE,
  ADD CONSTRAINT `member_1` FOREIGN KEY (`Member_ID`) REFERENCES `users` (`UserID`) ON DELETE CASCADE ON UPDATE CASCADE;

--
-- Constraints for table `sub_categories`
--
ALTER TABLE `sub_categories`
  ADD CONSTRAINT `sub_cat` FOREIGN KEY (`category_id`) REFERENCES `categories` (`ID`) ON DELETE CASCADE ON UPDATE CASCADE;

/*!40101 SET CHARACTER_SET_CLIENT=@OLD_CHARACTER_SET_CLIENT */;
/*!40101 SET CHARACTER_SET_RESULTS=@OLD_CHARACTER_SET_RESULTS */;
/*!40101 SET COLLATION_CONNECTION=@OLD_COLLATION_CONNECTION */;
